"","state","year","pres_win","pres_percent_vote","poll_trend","lag_pres_vote","lag_participation","per_white","change_house_percent_vote","lag_vote_spread","lower_pred","pred","upper_pred","prob_win"
"1","Alabama",1980,0,47.45,41.7151649333333,55.7272688844739,0.316506671832739,0.739766093866015,NA,13.1123980217272,NA,NA,NA,NA
"2","Alabama",1984,0,38.28,36.5383971333333,47.4488590678046,0.344051894590459,0.739644022608294,0.028706194434443,-1.30126109503558,37.33,42.36,47.4,0.95
"3","Alabama",1988,0,39.86,35.4314974,38.2807812650645,0.364822168193725,0.738932343764989,-0.0539726392464995,-22.2617122825417,34.17,39.18,44.19,0.04
"4","Alabama",1992,0,40.88,39.8364678,39.8632983091472,0.342577069377973,0.733073600618582,0.10996184086536,-19.3017506289555,37.97,42.98,47.99,1.03
"5","Alabama",1996,0,43.16,41.0820156666667,40.8800635048517,0.40636839452154,0.72495498836093,-0.327725389650501,-6.7653400945464,38.48,43.49,48.5,1.6
"6","Alabama",2000,0,41.57,35.7415976666667,43.1560876958241,0.354262956633208,0.717900674569474,-0.00370295143810985,-6.96575550933979,33.84,38.85,43.86,0.03
"7","Alabama",2004,0,36.84,34.3177146,41.5665029478981,0.374260389252619,0.712417802962834,0.12625741215971,-14.9172524053696,32.04,37.04,42.05,0
"8","Alabama",2008,0,38.74,35.3563092666667,36.8444023223772,0.415698003566313,0.70623050371264,-0.0755661488177003,-25.6162874353236,31.62,36.63,41.63,0
"9","Alabama",2012,0,38.36,36.2677055333333,38.7404342945749,0.445046061998989,0.700031647225635,-0.0236697578267958,-21.5764787345957,32.43,37.44,42.45,0.01
"10","Alabama",2016,0,34.36,35.0351833333333,38.3590330987525,0.430754873548152,0.693757305657933,-0.166854337346804,-22.1867892310703,30.67,35.7,40.72,0
"11","Alabama",2020,NA,NA,38.48788125,34.3579457579736,0.43659115559188,0.691264147691755,-0.0249639270466514,-27.7251466064354,32.47,37.52,42.56,0.02
"12","Alaska",1980,0,26.41,NA,35.6531309175069,0.314345674929728,0.784708189926354,NA,-22.251444478612,NA,NA,NA,NA
"13","Alaska",1984,0,29.87,NA,26.4079017955758,0.39091817475297,0.782197530095152,-0.353540908295352,-27.9402947394995,NA,NA,NA,NA
"14","Alaska",1988,0,36.27,39.7597055333333,29.8677777510176,0.404133508791055,0.769784716892012,0.430168505713563,-36.7862045711808,36.49,41.56,46.62,1.19
"15","Alaska",1992,0,30.29,34.6688978666667,36.2709628415519,0.369228611914743,0.762756141971954,0.164544351117905,-23.3199744148394,32.59,37.6,42.61,0.01
"16","Alaska",1996,0,33.27,35.1107370666667,30.287111324302,0.439086449614088,0.755584001156812,-0.315641741725889,-9.17038676084888,30.42,35.51,40.6,0.01
"17","Alaska",2000,0,27.67,25.7011083333333,33.2671136495323,0.397029753405119,0.710978990800413,0.0564931320553508,-17.5341445244599,22.67,27.72,32.77,0
"18","Alaska",2004,0,35.52,31.7469280666667,27.6663398235047,0.454740167812435,0.699006197613782,-0.500307630512607,-30.9546154923659,26.47,31.53,36.59,0
"19","Alaska",2008,0,37.89,40.5367428666667,35.5168619121044,0.474146273392731,0.687436995876094,1.31497270324097,-25.5484680004351,36.34,41.6,46.86,51.26
"20","Alaska",2012,0,40.81,NA,37.8893735993893,0.474499421780335,0.674711099976316,-0.23733815496134,-21.535145939417,NA,NA,NA,NA
"21","Alaska",2016,0,36.55,37.9319893333333,40.8126591124644,0.411387336178182,0.66188418463132,0.342600806106814,-13.98891828483,33.77,38.8,43.84,0.04
"22","Alaska",2020,NA,NA,43.39111,36.550871290112,0.429705876006128,0.65271172655134,0.134984078696342,-14.7306407874253,37.03,42.09,47.15,1.5
"23","Arizona",1980,0,28.24,23.0232102,39.7999781882515,0.316323079963339,0.904214884062746,NA,-16.566157591229,NA,NA,NA,NA
"24","Arizona",1984,0,32.54,NA,28.2446835899284,0.319217364179804,0.901134088044409,-0.161453049637283,-32.364164792979,NA,NA,NA,NA
"25","Arizona",1988,0,38.74,31.1952284666667,32.5426431698309,0.334480658490956,0.896930371072728,-0.063488132097407,-33.8788396885847,29.14,34.16,39.17,0
"26","Arizona",1992,0,36.52,33.5695970666667,38.7438741228785,0.331488638636246,0.880369227783254,0.0892368681651872,-21.2063935255783,32.08,37.09,42.1,0.01
"27","Arizona",1996,1,46.52,44.9702776,36.5204525967148,0.379743037076006,0.858297252634654,-0.135646814561628,-1.95268918441803,40.61,45.67,50.72,26.3
"28","Arizona",2000,0,44.73,39.2191486,46.5170659460768,0.306174704705098,0.87786580826286,0.0876767993365606,2.22264944941096,37.43,42.45,47.48,0.82
"29","Arizona",2004,0,44.4,42.4091361333333,44.7345850173889,0.296868611432888,0.869674036038471,-0.0247147815926253,-6.28655314304812,39.54,44.57,49.59,6.3
"30","Arizona",2008,0,45.12,43.8050814666667,44.3968329287956,0.356058236460097,0.853742825652407,0.230421532179942,-10.4726011572182,40.63,45.65,50.66,12.12
"31","Arizona",2012,0,44.59,43.0531510666667,45.1152508747643,0.365181975179138,0.841934175827898,-0.138142504444085,-8.51999694786296,39.49,44.51,49.52,4.81
"32","Arizona",2016,0,45.13,42.7218253333333,44.5897669417994,0.350764563969551,0.831805519377987,0.0623372638731508,-9.06476622417532,38.65,43.67,48.69,2.35
"33","Arizona",2020,NA,NA,48.8097025,45.1276540758171,0.370715791451234,0.82616785348297,0.131006729927871,-3.54396239650392,43.65,48.7,53.74,80.29
"34","Arkansas",1980,0,47.52,46.4917476,64.9617281296618,0.353916745977291,0.829178350689332,NA,30.057391519605,NA,NA,NA,NA
"35","Arkansas",1984,0,38.29,NA,47.5226306200468,0.36595800829977,0.829114303289943,0.568332095854016,-0.611641606433757,NA,NA,NA,NA
"36","Arkansas",1988,0,42.19,40.0603469333333,38.2907850014586,0.381247771866744,0.829908373191955,0.109629522313417,-22.1762403240141,38.41,43.42,48.44,1.51
"37","Arkansas",1992,1,53.21,53.6948632,42.1917321664585,0.353333290646723,0.821025304803343,-0.044377046448364,-14.1761040329186,50.7,55.78,60.85,99.98
"38","Arkansas",1996,1,53.74,52.7487990666667,53.207952849252,0.39348480784641,0.80559882959859,-0.145999702215764,17.7245535437221,51.4,56.41,61.43,99.93
"39","Arkansas",2000,0,45.86,43.0425324,53.7364491519482,0.343788696357736,0.815642420558891,0.0655855795200602,16.9355914875908,42.37,47.4,52.43,44.85
"40","Arkansas",2004,0,44.55,45.9157732666667,45.864256260435,0.344129444319171,0.811395919388614,0.423560013098294,-5.44294143619797,43.25,48.28,53.31,63.84
"41","Arkansas",2008,0,38.86,41.0901486,44.5476304451891,0.383660170652213,0.80630560427809,-0.16791659410599,-9.75832863324629,38.15,43.15,48.15,0.95
"42","Arkansas",2012,0,36.88,32.5293548666667,38.8646597651242,0.378012380355353,0.800050403703859,-0.313554185268431,-19.8512447348054,28.75,33.78,38.81,0
"43","Arkansas",2016,0,33.65,33.84911,36.8789903017201,0.362265781982302,0.793603369724521,-0.0304162443455592,-23.687945782389,29.14,34.17,39.2,0
"44","Arkansas",2020,NA,NA,37.513945,33.6531241293609,0.378149166632664,0.790395267552167,-0.116311340511428,-26.9209780344674,31.19,36.24,41.3,0.01
"45","California",1980,0,35.92,30.4022235333333,47.9548218361125,0.355775979444259,0.855227639407079,NA,-1.79349211983439,NA,NA,NA,NA
"46","California",1984,0,41.27,38.3605192,35.9194369107641,0.360615525528554,0.837654366631189,-0.0326304995201451,-16.7780659722813,36.45,41.46,46.47,0.27
"47","California",1988,0,47.56,42.3356841333333,41.2677756992316,0.367779561658955,0.821730240564919,0.0215004692595416,-16.2491671524615,40.95,45.97,50.98,15.46
"48","California",1992,1,46.01,47.8824559333333,47.5594425646034,0.347350272710505,0.804352519264215,0.00671665842572294,-3.56712532991337,46.63,51.65,56.67,96.45
"49","California",1996,1,51.1,50.2274485333333,46.0065878402809,0.359381551222243,NA,-0.081771849061147,13.3919184643596,NA,NA,NA,NA
"50","California",2000,1,53.45,46.4513274666667,51.0988656185273,0.31292423078242,0.776549027910664,0.182822343060694,12.8894455384811,44.81,49.84,54.88,87.46
"51","California",2004,1,54.31,52.3570708,53.4497368277545,0.322638267055436,0.764071397505904,-0.0695988740188851,11.798240022499,50.2,55.23,60.25,99.88
"52","California",2008,1,61.01,57.0493824,54.3055575346744,0.349163767967326,0.748624131615879,0.105502317251943,9.9478615574326,54.33,59.37,64.42,100
"53","California",2012,1,60.24,54.7021366666667,61.0126383471342,0.370499812631492,0.737510909435871,-0.045926001306192,24.0577795146698,53.09,58.12,63.15,99.99
"54","California",2016,1,61.73,55.2249793333333,60.2389591416896,0.343582590226832,0.727243799945755,0.0184224998042465,23.1185806209848,52.86,57.91,62.95,99.99
"55","California",2020,NA,NA,61.19720625,61.7263996045579,0.362079113456321,0.719391035022251,0.135418848610794,30.1092930661184,57.98,63.05,68.11,100
"56","Colorado",1980,0,31.07,26.8800636,42.6099459979287,0.410843371663113,0.945543923050134,NA,-11.4178317798491,NA,NA,NA,NA
"57","Colorado",1984,0,35.12,29.4603908666667,31.070032504538,0.407194987078877,0.93899327916921,0.00640434639292652,-23.9989024441724,27.57,32.6,37.62,0
"58","Colorado",1988,0,45.28,37.9516714666667,35.1228983001127,0.408637868513988,0.933001152568143,-0.0676703676668406,-28.3192576695641,35.87,40.89,45.9,0.21
"59","Colorado",1992,1,40.13,38.9781533333333,45.2824043241227,0.420685532817539,NA,0.139666414407363,-7.77648401260862,NA,NA,NA,NA
"60","Colorado",1996,0,44.43,44.9198922,40.1280286519074,0.448857946320002,0.899956173156339,-0.210352865354623,4.25897602569495,41.48,46.52,51.56,32.12
"61","Colorado",2000,0,42.39,38.1694095333333,44.4264984093488,0.385385916021849,0.904606416433302,0.0531471185347633,-1.36995913158253,36.26,41.26,46.27,0.18
"62","Colorado",2004,0,47.04,44.9534112,42.3935090113061,0.402449686509183,0.898565752709337,0.00805415669094268,-8.35670576236614,41.58,46.57,51.57,13.35
"63","Colorado",2008,1,53.66,50.6141103333333,47.0378422542883,0.465491573466567,0.889949342806249,0.282749116956731,-4.67325310030381,47.52,52.54,57.56,98.35
"64","Colorado",2012,1,51.49,47.5668374,53.6602368406916,0.491102985236404,0.88145410231044,-0.160706175655069,8.95271473135443,45.53,50.55,55.56,91.17
"65","Colorado",2016,1,48.16,43.887188,51.4922265516152,0.494837411439676,0.874188671138419,0.0304733553977229,5.36513491256719,41.4,46.42,51.44,21.37
"66","Colorado",2020,NA,NA,53.08805625,48.1569803828474,0.501915885193118,0.869394255961725,0.141647672861072,4.90558301141636,48.35,53.39,58.43,99.5
"67","Connecticut",1980,0,38.52,33.7231686,46.7337009640388,0.449242445845474,0.920456100429979,NA,-5.14774354332044,NA,NA,NA,NA
"68","Connecticut",1984,0,38.83,31.1944330666667,38.5222056695478,0.451720655511064,0.910924920456325,-0.0705514731464146,-9.63375133774448,30.7,35.75,40.79,0
"69","Connecticut",1988,0,46.87,37.8022464666667,38.8299815938373,0.461287277351609,0.901127583089493,0.0315045497200633,-21.9019701411139,36.69,41.71,46.73,0.43
"70","Connecticut",1992,1,42.22,42.6343097333333,46.8745193620037,0.441141287438638,0.884575509768801,-0.151827246701592,-5.10304185828679,42,47.02,52.03,31.55
"71","Connecticut",1996,1,52.83,49.9338194,42.218572959541,0.489638599187084,0.866021515366299,-0.175123938524425,6.43533173777779,46.57,51.61,56.66,97.67
"72","Connecticut",2000,1,55.91,48.1003214666667,52.8315814719657,0.417364539955075,0.860175796952732,0.334104476157592,18.1407769848644,46.93,51.95,56.98,97.25
"73","Connecticut",2004,1,54.31,51.9982386666667,55.9096281324403,0.427790268824721,0.84658936516009,-0.00898610249681212,17.466024905363,50.68,55.68,60.68,99.83
"74","Connecticut",2008,1,60.59,56.326861,54.3137089719902,0.451580821339472,0.832273938896863,0.172986151179285,10.3664310611622,54,59.02,64.04,99.99
"75","Connecticut",2012,1,58.09,52.9756405333333,60.5888296761218,0.464463491012328,0.81906760434625,-0.0757090325714468,22.3673663704949,51.74,56.76,61.77,99.96
"76","Connecticut",2016,1,54.57,50.0054673333333,58.0850132588544,0.433491062990691,0.806843274203001,0.00114993320768656,17.3398990119394,48.07,53.09,58.1,98.98
"77","Connecticut",2020,NA,NA,59.0521125,54.5663010967099,0.459713577525313,0.797002036582188,0.0493630129304528,13.6393867178951,54.95,59.99,65.03,100
"78","Delaware",1980,0,44.87,39.5069773333333,51.9690887023536,0.397536925036482,0.828080797553953,NA,5.38146849882449,NA,NA,NA,NA
"79","Delaware",1984,0,39.93,NA,44.874144983621,0.39613459983628,0.822725303115777,0.272745339261688,-2.33294295364665,NA,NA,NA,NA
"80","Delaware",1988,0,43.48,33.6792006666667,39.9321213644863,0.416263193609837,0.816749302446956,0.262686822513976,-19.8505727259871,33.2,38.23,43.25,0.03
"81","Delaware",1992,1,43.52,40.0214890666667,43.4777563017476,0.385859939686947,0.799323668021729,-0.00946086805732016,-12.40220736241,38.93,43.93,48.93,1.87
"82","Delaware",1996,1,51.83,47.4748936,43.5239279055314,0.416764399035867,0.775590875290326,-0.594701200951973,8.19729300462675,44.28,49.34,54.41,90.04
"83","Delaware",2000,1,54.98,46.2003732,51.8278497839814,0.365476931132815,0.765265338458976,0.198103062494134,15.247959824231,44.87,49.89,54.91,85.23
"84","Delaware",2004,1,53.35,49.1869566666667,54.9777271630909,0.416505907501911,0.747077225286861,-0.160559885386928,13.0614388344238,47.96,52.97,57.97,98.57
"85","Delaware",2008,1,61.94,58.1877855333333,53.3468376022815,0.451599235919947,0.726407836411072,0.451171195981732,7.59401903035795,55.58,60.63,65.68,100
"86","Delaware",2012,1,58.61,NA,61.9426689815039,0.466595917517655,0.713315100106099,0.464810375105249,24.9956354325286,NA,NA,NA,NA
"87","Delaware",2016,1,53.35,50.489598,58.6107419845853,0.452250324799848,0.700887639750833,0.0436202363713761,18.6281379110392,48.67,53.69,58.7,99.39
"88","Delaware",2020,NA,NA,58.909505,53.3533368056342,0.465360130084591,0.692236517267018,0.0876886258793146,11.4305124663149,54.61,59.65,64.69,100
"89","Florida",1980,0,38.5,37.9998976666667,51.9261062307836,0.362334906126903,0.853589414863156,NA,5.28367174702464,NA,NA,NA,NA
"90","Florida",1984,0,34.66,32.1373667333333,38.5002198307696,0.37469398623046,0.852198905336766,0.0131941067116028,-17.0189428757336,31.63,36.65,41.67,0
"91","Florida",1988,0,38.51,34.5387288,34.6602469682786,0.378630380188271,0.849875511928753,-0.0226652699036181,-30.6583340729575,32.73,37.74,42.75,0.01
"92","Florida",1992,0,38.99,37.2870822666667,38.5072169319155,0.349599639212117,0.832475285067206,-0.0786419307319226,-22.3643421573465,35.37,40.37,45.38,0.08
"93","Florida",1996,1,48.03,46.6356998,38.9901215645298,0.389243717818611,0.806875616022233,-0.0597500896346488,-1.91237537151409,42.83,47.86,52.9,54.94
"94","Florida",2000,0,48.84,46.0703126,48.0255711978193,0.357033964032381,0.813870184885323,0.0787873850628035,5.70102244815067,44,49,54.01,62.31
"95","Florida",2004,0,47.09,46.9024182666667,48.8378212040361,0.371590866249385,0.804012019763291,-0.158184474304187,-0.00900536800428142,44.6,49.61,54.61,78.13
"96","Florida",2008,1,51.03,48.0517693333333,47.0911100277142,0.436960726183696,0.791663925217402,-0.0442482217331118,-5.00640620462271,45.08,50.08,55.08,81.06
"97","Florida",2012,1,50.01,47.1037284666667,51.0333052706649,0.452885295513838,0.78214173599487,-0.0381031903804254,2.81798610468869,44.6,49.6,54.6,73.71
"98","Florida",2016,0,47.82,46.0537246666667,50.0078650686987,0.439126187400837,0.776316775670596,0.117791329288312,0.87688730672317,43.01,48.01,53.02,40.87
"99","Florida",2020,NA,NA,49.05698,47.8233158058051,0.456984476709097,0.77277191726484,0.00536313924636149,-1.19862561078568,44.71,49.73,54.74,83.37
"100","Georgia",1980,1,55.8,50.0521951333333,66.9382948593174,0.285428747277443,0.725035334278497,NA,33.8765897186348,NA,NA,NA,NA
"101","Georgia",1984,0,39.79,NA,55.7961053478665,0.29105985336958,0.719308140627938,-0.0764948842224486,14.8287987575189,NA,NA,NA,NA
"102","Georgia",1988,0,39.5,38.0834585333333,39.7853052441215,0.304390805531434,0.717724704918622,-0.0179030890692548,-20.3869933218963,36.72,41.74,46.76,0.44
"103","Georgia",1992,1,43.47,40.2200770666667,39.4984284444916,0.286515543752283,0.703629186339324,-0.157072976717459,-20.2544438992259,37.96,43,48.03,2.09
"104","Georgia",1996,0,45.84,46.0025207333333,43.4686853359975,0.340481719555659,0.684509501245756,-0.258520093173708,0.590832149644157,NA,NA,NA,NA
"105","Georgia",2000,0,43.21,39.9221948,45.8414658495219,0.306476183594632,0.674110701891009,0.00620005184559233,-1.1742142651765,37.96,42.98,48,1.3
"106","Georgia",2004,0,41.37,40.6893658666667,43.2109996562414,0.31397992756557,0.660119700061077,-0.00569208230194532,-11.7485699951378,37.84,42.86,47.87,1.17
"107","Georgia",2008,0,46.99,44.9188054,41.3749460533788,0.376528693667373,0.641229634198061,-0.010388964260572,-16.5998107136097,40.99,46,51.02,12.94
"108","Georgia",2012,0,45.51,42.8992033333333,46.9901790960651,0.412893300815174,0.626658876546115,0.0801950051712121,-5.21433889686445,39.98,44.98,49.98,4.58
"109","Georgia",2016,0,45.64,43.74013,45.5079596668821,0.393664248497439,0.612116708681611,0.130690488363078,-7.82128251064243,39.92,44.93,49.94,5.48
"110","Georgia",2020,NA,NA,47.52780125,45.6399833573608,0.399415252929317,0.601982703335828,-0.084399476649406,-5.13134269741018,42.7,47.73,52.75,52.1
"111","Hawaii",1980,1,44.8,39.8980601333333,50.5919993408879,0.326448026806076,0.360251521633547,NA,2.53071565150823,NA,NA,NA,NA
"112","Hawaii",1984,0,43.82,NA,44.8021181257357,0.313406909094667,0.358687721441899,0.11894978735973,1.9014992399938,NA,NA,NA,NA
"113","Hawaii",1988,1,54.27,39.2112754666667,43.8159156279962,0.326723233864048,0.349023500986732,-0.370019886024013,-11.2837431441792,41.76,47.09,52.42,99.85
"114","Hawaii",1992,1,48.09,42.8295506,54.2694400794446,0.328257211571854,0.338269120059934,0.121369502233069,9.51839553575711,46.84,52.15,57.46,100
"115","Hawaii",1996,1,56.93,53.24458,48.0927577901631,0.321800290519785,0.328523661376277,-0.0217938143531195,11.3957118564969,53.93,59.25,64.56,100
"116","Hawaii",2000,1,55.79,51.5535644666667,56.9288015106076,0.299163866401386,0.257644503299907,0.0607086210744794,25.2885149394646,53.84,59.13,64.43,100
"117","Hawaii",2004,1,54.01,46.0038299333333,55.7916679123035,0.303209920899467,0.260278791333646,-0.0169633384952652,18.3287992151129,48.31,53.6,58.9,100
"118","Hawaii",2008,1,71.45,65.6992543333333,54.0095521580931,0.336858858844711,0.259679195443972,0.00775379567119208,8.74495644654125,65.29,70.67,76.05,100
"119","Hawaii",2012,1,70.15,61.051713,71.4529101178782,0.342335647527835,0.257127166254183,-0.0333198227047391,45.0167081813079,64.18,69.48,74.79,100
"120","Hawaii",2016,1,60.98,51.6475473333333,70.1479324456319,0.313419663264516,0.260343005087706,0.0126700473866685,42.465784760236,54.96,60.29,65.63,100
"121","Hawaii",2020,NA,NA,62.5286625,60.980798055129,0.306582074716351,0.255190440943814,0.182712561938567,31.5410908825035,62.21,67.55,72.89,100
"122","Idaho",1980,0,25.19,24.4296491428571,37.1185456337334,0.397830051844911,0.978894136287254,NA,-22.7617237454976,NA,NA,NA,NA
"123","Idaho",1984,0,26.39,NA,25.1907157928908,0.461433380134454,0.976044592421993,0.136613075479771,-41.2652509767255,NA,NA,NA,NA
"124","Idaho",1988,0,36.01,NA,26.3922129472885,0.414944476459896,0.973297107220434,-0.0761301514041143,-45.9724573385481,NA,NA,NA,NA
"125","Idaho",1992,0,28.42,29.449199,36.0106414193776,0.414917502062068,0.966617056317855,0.339945897047737,-26.0678097063829,28.13,33.16,38.19,0
"126","Idaho",1996,0,33.65,30.9702954666667,28.4192120535807,0.449865398881201,0.958004559951392,-0.397878417020987,-13.6133777488312,26.37,31.47,36.57,0
"127","Idaho",2000,0,27.64,27.4589931333333,33.646389850949,0.40870912480685,0.955497795187121,0.275841748954601,-18.5377182938759,24.51,29.56,34.61,0
"128","Idaho",2004,0,30.26,28.5584809333333,27.6381288438344,0.386026950278199,0.950926927824504,-0.23778588744463,-39.5323106366436,23.85,28.88,33.91,0
"129","Idaho",2008,0,36.09,32.668002,30.2649170421274,0.429928969781621,0.944206554043485,0.16873846608861,-38.1260277818629,27.98,33.01,38.04,0
"130","Idaho",2012,0,32.62,27.1358985333333,36.0909876328379,0.426978726732364,0.938739089990497,-0.152851646246199,-25.4261038402008,23.55,28.59,33.63,0
"131","Idaho",2016,0,27.49,28.6657073333333,32.6223335592098,0.408866161356565,0.933042475540603,0.0901591248084643,-31.9074499366831,23.8,28.84,33.88,0
"132","Idaho",2020,NA,NA,37.652875,27.4920138209792,0.410284834579584,0.930220781001251,-0.054035552322898,-31.7694185482177,29.91,35.01,40.1,0.01
"133","Illinois",1980,0,41.72,40.4949843333333,48.1075902689143,0.415595785805871,0.836293066491807,NA,-1.96925326637977,NA,NA,NA,NA
"134","Illinois",1984,0,43.3,40.3484825333333,41.7164081848176,0.415377768480543,0.831175044654249,0.168393692995606,-7.92964470965768,39.7,44.71,49.73,4.56
"135","Illinois",1988,0,48.6,43.9924292,43.2965532067478,0.422277773260167,0.825948584158327,-0.0348079937118196,-12.8780383342242,42.99,48,53.02,46.39
"136","Illinois",1992,1,48.58,45.6511843333333,48.6045552650511,0.400267388083039,0.815227381406005,0.0854030972694539,-2.08371352366247,45.06,50.06,55.07,80.78
"137","Illinois",1996,1,54.32,50.9157629333333,48.5796778199173,0.4318520214835,0.803756437883764,-0.209803368189582,14.2422106877073,48.73,53.75,58.77,99.42
"138","Illinois",2000,1,54.6,45.4416392666667,54.3152778302873,0.356254509069867,0.798160808759031,0.176627480195646,17.5053248475956,44.73,49.76,54.78,86.66
"139","Illinois",2004,1,54.82,51.5682896,54.5965212095549,0.3813774005339,0.79192412762327,-0.0470579810746868,12.0116412363447,49.97,54.98,59.99,99.75
"140","Illinois",2008,1,61.92,57.9145065333333,54.8231602090278,0.418937021342641,0.784948707299688,0.0698680547870974,10.3445333826793,55.42,60.44,65.47,100
"141","Illinois",2012,1,57.6,54.8506162666667,61.9181145200132,0.433227782014928,0.77829739701347,-0.117680802363969,25.137191977866,53.57,58.59,63.61,99.99
"142","Illinois",2016,1,55.83,50.6806646666667,57.6021353624771,0.406909367817296,0.772013896152631,0.00636051952424679,16.8693940916602,48.5,53.51,58.52,99.11
"143","Illinois",2020,NA,NA,55.55795125,55.8253666987933,0.431840594384303,0.767601988696021,0.18900958835657,17.063613624968,52.04,57.07,62.1,99.98
"144","Indiana",1980,0,37.65,NA,45.7003857929473,0.413355767569596,0.918906824804976,NA,-7.62236067812366,NA,NA,NA,NA
"145","Indiana",1984,0,37.68,34.8180611333333,37.6531924373994,0.40833125558556,0.916858697599738,-0.0533539289632385,-18.3520492338873,33.91,38.92,43.93,0.03
"146","Indiana",1988,0,39.69,34.0913922666667,37.682713789856,0.409112727318029,0.914412627125172,0.0316719173538155,-23.9916007969301,33.01,38.02,43.03,0.01
"147","Indiana",1992,0,36.79,35.2029404666667,39.6861876741026,0.394888280256888,0.906391294318295,0.082901369085877,-20.1565879884037,33.93,38.94,43.94,0.03
"148","Indiana",1996,0,41.56,39.1957376666667,36.793905643464,0.406353317718577,0.895983974298736,-0.213398134615674,-6.1128744843055,35.73,40.76,45.78,0.23
"149","Indiana",2000,0,41.01,33.6509604666667,41.5571376457493,0.361568963698522,0.891715526900953,-0.0103693108457016,-5.58524251076246,31.51,36.53,41.55,0
"150","Indiana",2004,0,39.26,36.0993076666667,41.012102930839,0.361022714550845,0.883333196962558,-0.0145533830553764,-15.6347786706873,33.41,38.42,43.42,0.02
"151","Indiana",2008,1,49.95,46.7401458,39.2629746653366,0.395956879239828,0.873863584363481,0.157632494860097,-20.6817903713206,42.29,47.32,52.35,43.12
"152","Indiana",2012,0,43.93,41.1702758,49.9459116396843,0.428192539977083,0.864904845019726,-0.202395925474158,1.03200446083574,38.92,43.93,48.94,2.35
"153","Indiana",2016,0,37.77,37.9666113333333,43.9273029040584,0.401445890093202,0.855902895013554,-0.0374838054992826,-10.1982294761661,34.36,39.37,44.39,0.04
"154","Indiana",2020,NA,NA,41.362605,37.774839686752,0.412244901650573,0.848099564200155,0.184611717467378,-19.1651937616592,35.69,40.73,45.77,0.29
"155","Iowa",1980,0,38.6,32.9605300666667,48.4584965406944,0.440566229418997,0.979171027769904,NA,-1.0109411140285,NA,NA,NA,NA
"156","Iowa",1984,0,45.89,38.5874966666667,38.6041629827399,0.452180116938193,0.975766936086182,0.0586189010263444,-12.7008388348748,37.51,42.52,47.54,0.69
"157","Iowa",1988,1,54.71,48.4678898,45.8870818037513,0.461693862237482,0.972356887190511,-0.0856529927642524,-7.38503036433412,47.56,52.59,57.63,98.74
"158","Iowa",1992,1,43.29,39.7460750666667,54.7119239825916,0.442716767453176,0.964578142003214,0.186877710275454,10.2154511942586,41.1,46.15,51.21,30.13
"159","Iowa",1996,1,50.26,48.7919456,43.2858386233055,0.480629619418954,0.954884722222222,-0.270258116550914,6.01369991444012,45.79,50.82,55.86,94.3
"160","Iowa",2000,1,47.19,43.1648397333333,50.2609646901525,0.428498263888889,0.9534023974187,0.0589254959929156,10.3408625893888,42.01,47.02,52.02,26.74
"161","Iowa",2004,0,49.23,45.8240734666667,47.1919155786085,0.461929344736737,0.946026167756002,0.0149938292771618,0.306277355431028,43.51,48.5,53.5,45.74
"162","Iowa",2008,1,53.93,52.6253996,49.2331316842169,0.510187616276216,0.936622519585751,0.0654210460099336,-0.667525821085299,49.8,54.82,59.85,99.77
"163","Iowa",2012,1,51.99,48.4169415333333,53.9280200738653,0.509532162928518,0.926289988589782,-0.0912571597799794,9.53476071856319,46.42,51.44,56.46,95.76
"164","Iowa",2016,0,41.75,41.4244433333333,51.9880165341491,0.51433103937013,0.913484221448049,0.0480727042599886,5.81014802361299,39.36,44.4,49.44,6.82
"165","Iowa",2020,NA,NA,47.48928125,41.7525134454962,0.499966308687153,0.906185916635764,0.110730805648157,-9.40954789918113,42.09,47.14,52.18,50.77
"166","Kansas",1980,0,33.29,28.1362171333333,44.9363936753859,0.416699838383047,0.931910365342234,NA,-7.55143055504805,NA,NA,NA,NA
"167","Kansas",1984,0,32.6,26.4218338666667,33.287575462214,0.413583313740297,0.927016675962259,-0.134144220976032,-24.5624850096194,25.41,30.44,35.48,0
"168","Kansas",1988,0,42.56,33.3112582666667,32.5980365776215,0.421598143301728,0.92150633937112,0.00979572503774029,-33.6741712989645,31.3,36.31,41.33,0
"169","Kansas",1992,0,33.74,36.2859761333333,42.5596448898538,0.403349316306491,0.914730883109027,0.0927304958402982,-13.2333511908838,35.46,40.46,45.47,0.09
"170","Kansas",1996,0,36.08,38.5479766666667,33.7384941360276,0.456973125035046,0.910237463062534,-0.276077444407241,-5.14303046223934,34.39,39.45,44.52,0.15
"171","Kansas",2000,0,37.24,31.9221012,36.0847994042632,0.410892259253395,0.897043302454893,0.0256366100833183,-18.2059015172671,29.08,34.08,39.09,0
"172","Kansas",2004,0,36.62,35.7936361333333,37.2383922642453,0.398048618229107,0.889534456345202,0.117722288123094,-20.8032709827124,32.46,37.46,42.46,0.01
"173","Kansas",2008,0,41.65,39.3855788666667,36.6230943055644,0.434379654860548,0.880907781698216,0.0443019595853898,-25.3808863099829,35.24,40.25,45.26,0.09
"174","Kansas",2012,0,37.99,35.7100892666667,41.6519671940136,0.44011344422302,0.872651552357381,-0.246593430705688,-14.9602871494783,32.37,37.38,42.4,0.01
"175","Kansas",2016,0,36.05,37.1337713333333,37.994570553919,0.402033856949312,0.866066336773802,0.0979821639276031,-21.7167498152971,32.47,37.49,42.51,0.01
"176","Kansas",2020,NA,NA,42.20508875,36.0523707322345,0.406892983615749,0.862881927591739,0.223480996637999,-20.6022110736051,36.02,41.08,46.13,0.62
"177","Kentucky",1980,0,47.65,NA,52.7542492687265,0.3305936393818,0.925374042668278,NA,7.18550099302399,NA,NA,NA,NA
"178","Kentucky",1984,0,39.4,33.8956172666667,47.6539158260827,0.353588661819252,0.924500583012827,0.06409364101653,-1.37825161099607,35.04,40.09,45.14,0.21
"179","Kentucky",1988,0,43.88,39.6388302,39.4012465813948,0.37054801582158,0.922901128858082,0.108145660377487,-20.6056910420676,38.25,43.26,48.27,1.31
"180","Kentucky",1992,1,44.55,43.335687,43.8835946910323,0.359379424250313,0.914743156828538,-0.131359564894411,-11.6378844279506,41.85,46.86,51.87,24.07
"181","Kentucky",1996,1,45.84,45.9281215333333,44.5511420724764,0.396471196549487,0.9096517826732,-0.290646473331817,3.21026190635676,43.45,48.46,53.47,56.47
"182","Kentucky",2000,0,41.38,40.6389606666667,45.8421784853259,0.354304273338547,0.90648072706958,0.0303220440367079,0.959957024802911,38.69,43.69,48.7,1.52
"183","Kentucky",2004,0,39.69,38.5783151333333,41.3781825859106,0.381352924571149,0.900482405035478,-0.0945919201446571,-15.1283007772782,35.73,40.73,45.73,0.11
"184","Kentucky",2008,0,41.17,41.3675166666667,39.6870729814097,0.433149602481946,0.89398789429443,0.27699629987969,-19.8624408507909,37.73,42.75,47.76,1.06
"185","Kentucky",2012,0,37.8,37.9550746666667,41.1681137839288,0.425797656716578,0.886589657997796,-0.2211627367901,-16.2309073589471,34.27,39.28,44.29,0.04
"186","Kentucky",2016,0,32.68,32.3681473333333,37.8013278344458,0.409728735489631,0.879504490802766,-0.0274950387975949,-22.6918137648758,28.15,33.18,38.2,0
"187","Kentucky",2020,NA,NA,39.00172125,32.6821883336478,0.43354441075197,0.875158723568175,0.0739859366763492,-29.8374502182523,32.57,37.63,42.69,0.03
"188","Louisiana",1980,0,45.75,38.2346043333333,51.774996222746,0.323254216734537,0.696422605095166,NA,5.78675307249274,NA,NA,NA,NA
"189","Louisiana",1984,0,38.18,NA,45.7482317797275,0.366695231773997,0.69013497182349,0.995883330538064,-5.45011562123246,NA,NA,NA,NA
"190","Louisiana",1988,0,44.06,38.3465519333333,38.1753926302801,0.387872306483347,0.681425992321035,-0.504644930772666,-22.5983142940506,36.59,41.64,46.69,0.81
"191","Louisiana",1992,1,45.58,39.10575,44.0645571004089,0.379635236318098,0.679986014451888,0.00939127558956141,-10.2101581990441,38.2,43.2,48.2,0.99
"192","Louisiana",1996,1,52.01,46.3726978,45.5845391412484,0.416961506898551,0.654279262639078,0.999971659613059,4.61364333411358,44.52,49.67,54.82,99
"193","Louisiana",2000,0,44.88,39.2804902666667,52.0099957454179,0.405548734370159,0.647212752564075,-0.611104319887318,12.0659163130991,38.55,43.62,48.69,6.9
"194","Louisiana",2004,0,42.22,36.2325051333333,44.8753324543399,0.394834840341377,0.640993726602168,-0.105257015398911,-7.67573071991373,34.35,39.35,44.36,0.03
"195","Louisiana",2008,0,39.93,41.3854902,42.2158647032123,0.426846311638363,0.644015018534191,-0.572838589557769,-14.5061566378777,37.85,42.9,47.94,2.41
"196","Louisiana",2012,0,40.58,36.4267219333333,39.9329138023451,0.442052301544824,0.636728499977831,1.37765872664195,-18.6298075084113,33.09,38.37,43.65,8.89
"197","Louisiana",2016,0,38.45,36.8211473333333,40.5774636233022,0.433400811828457,0.631674588270753,-0.490510729772373,-17.2071121051721,32.54,37.59,42.64,0.02
"198","Louisiana",2020,NA,NA,38.54387,38.449566098514,0.433726688092584,0.627871013428429,0.0221882106626183,-19.6391185550548,33.37,38.4,43.42,0.03
"199","Maine",1980,0,42.25,36.9956751333333,48.0940766261947,0.443106169033726,0.991342314040786,NA,-0.836701396365804,NA,NA,NA,NA
"200","Maine",1984,0,38.78,NA,42.2503541990513,0.464131302912518,0.988406363952601,0.0834256600947372,-3.35518755819667,NA,NA,NA,NA
"201","Maine",1988,0,43.88,38.2217698666667,38.7810407416514,0.478649814733731,0.986317118553961,-0.0509945040438577,-22.0530277830005,37.06,42.09,47.12,0.75
"202","Maine",1992,1,38.77,34.0797714444444,43.8835388759267,0.461053794524189,0.982536245224092,0.400791526058798,-11.4518904213248,34.01,39.06,44.11,0.08
"203","Maine",1996,1,51.62,49.3907036666667,38.76679730213,0.54864320618034,0.978265255472115,-0.145970780401933,8.37617126736022,45.22,50.34,55.45,98.88
"204","Maine",2000,1,49.09,43.1073993333333,51.6239558868917,0.485082381951227,0.971817172406881,0.44144171174072,20.8632820429875,42.23,47.31,52.39,70.69
"205","Maine",2004,1,53.57,49.3414507333333,49.086016473949,0.510399570266986,0.965374579047689,-0.136233380374241,5.11416547896112,47.05,52.06,57.07,96.86
"206","Maine",2008,1,57.71,53.9403886666667,53.5728556925935,0.563872091394608,0.958319710727248,0.11959088771854,8.99639825474652,51.95,57,62.05,99.98
"207","Maine",2012,1,55.37,51.3660265333333,57.705737297976,0.549536305278656,0.953186230021337,-0.144001133927621,17.3217189600677,49.87,54.91,59.95,99.87
"208","Maine",2016,1,46.35,45.3872,55.3710341934825,0.545862898226973,0.947816335252986,-0.116873544963585,15.0436421536568,43.51,48.56,53.61,78.27
"209","Maine",2020,NA,NA,53.22818125,46.3452140973089,0.579795796192793,0.944290037583357,0.103766636626197,2.86853601281008,48.22,53.3,58.38,99.79
"210","Maryland",1980,1,47.14,42.2489387333333,53.0354199234364,0.343295226517282,0.753649255625416,NA,6.07083984687277,NA,NA,NA,NA
"211","Maryland",1984,0,47.02,36.7150969333333,47.1381295374996,0.364386491480004,0.738021179104225,0.0403978826458354,2.95716444573696,37.33,42.36,47.4,0.95
"212","Maryland",1988,0,48.2,44.9234806,47.0163908601666,0.383912613401398,0.724556307849262,-0.0757589368858032,-5.48866173033398,44.45,49.46,54.48,75.79
"213","Maryland",1992,1,49.81,42.795946,48.1990342740548,0.368053606955748,0.705441275159606,-0.175352750167872,-2.90855235604232,42.23,47.24,52.25,30.7
"214","Maryland",1996,1,54.25,52.2750027333333,49.8126051859839,0.403093979568458,0.681222327291194,-0.0507137635386569,14.1832024912072,50.27,55.28,60.3,99.81
"215","Maryland",2000,1,56.49,50.5138831333333,54.2547743518617,0.348371454851402,0.658262402387181,0.107304182227229,15.9852768590633,49.26,54.28,59.29,99.64
"216","Maryland",2004,1,55.97,53.3070928666667,56.4883083845049,0.38132160328855,0.639099070026961,-0.000394027732945623,16.3035277294426,51.91,56.92,61.93,99.96
"217","Maryland",2008,1,61.92,57.9193978666667,55.9717612084029,0.429829806911384,0.620252367428823,0.185778284464863,12.9935434298086,55.72,60.75,65.77,100
"218","Maryland",2012,1,61.97,56.9105317333333,61.9193447626459,0.462904520960111,0.607102574625547,-0.0641637096806594,25.4448251175332,55.51,60.53,65.55,100
"219","Maryland",2016,1,60.33,60.9012666666667,61.9741907793185,0.459882907943479,0.593949051217134,-0.0502323045118202,26.0764584403731,58.59,63.62,68.65,100
"220","Maryland",2020,NA,NA,62.40194875,60.3285485319506,0.463317732529134,0.585450106522343,0.136949397784275,26.4099321000659,59.1,64.14,69.19,100
"221","Massachusetts",1980,0,41.75,31.6891471333333,56.1115782251081,0.443140806155229,0.947343012404119,NA,15.6698689490092,NA,NA,NA,NA
"222","Massachusetts",1984,0,48.43,42.2745036,41.7497791283195,0.43927202481694,0.935400342488855,0.0269194020260142,-0.151698235799834,41.19,46.22,51.24,22.34
"223","Massachusetts",1988,1,53.23,46.7192518,48.4337826734021,0.438192438193979,0.924195102226879,-0.118538860210065,-2.78699983550723,46.46,51.48,56.51,95.9
"224","Massachusetts",1992,1,47.54,42.5677440666667,53.2290514930677,0.44026897735328,0.907307186331269,-0.130985000850241,7.8539927628408,43.2,48.23,53.26,62.81
"225","Massachusetts",1996,1,61.47,57.9176037333333,47.5414109279278,0.460075946608138,0.889260999948865,0.176828054512146,18.5170229703382,54.77,59.84,64.91,100
"226","Massachusetts",2000,1,59.13,54.6051087333333,61.4720987115381,0.413682837963182,0.881514671038235,0.0878173440165157,33.3841066881964,54.42,59.45,64.47,100
"227","Massachusetts",2004,1,61.62,58.8243122,59.1261260206791,0.429793947717252,0.865690851664174,-0.0820125844166402,26.9932230270772,57.28,62.31,67.33,100
"228","Massachusetts",2008,1,61.36,57.1788296,61.6166602048537,0.456538788615159,0.850370236855436,0.0566329623119136,25.0282583336038,56.19,61.2,66.22,100
"229","Massachusetts",2012,1,60.34,56.7171564,61.3631991028023,0.47967395721759,0.834333007404317,-0.174483457160453,25.6282398134705,55.18,60.2,65.23,100
"230","Massachusetts",2016,1,59.05,55.962348,60.3383083202165,0.477891882116252,0.817195682987651,0.123514173515687,23.0191860048816,53.97,58.99,64.01,99.99
"231","Massachusetts",2020,NA,NA,66.56147375,59.0500650966713,0.495166340153186,0.805826997826479,0.159178746647034,26.7638623058161,62.53,67.61,72.68,100
"232","Michigan",1980,0,42.5,30.4791558,46.4650741183977,0.400504262087302,0.859197392095318,NA,-5.39567695168406,NA,NA,NA,NA
"233","Michigan",1984,0,40.24,NA,42.4974135009496,0.422419384341487,0.853637799584373,0.0459643676694151,-6.4887683916388,NA,NA,NA,NA
"234","Michigan",1988,0,45.67,42.3333336,40.2360759437067,0.420098052324483,0.846654947568898,-0.0299288661896511,-18.9899512265438,40.89,45.91,50.92,14.78
"235","Michigan",1992,1,43.77,40.7248602666667,45.6720783459334,0.398043198515253,0.0115931265372692,-0.0584101996711193,-7.89561543054914,38.46,44.56,50.65,100
"236","Michigan",1996,1,51.69,47.7729812,43.7736874843994,0.450959350948643,0.011894889095771,-0.130323668607539,7.39803956934249,43.47,49.53,55.59,100
"237","Michigan",2000,1,51.28,44.2902394666667,51.6948205746972,0.394403526309237,0.817970549965084,0.105104623259975,13.2102262393591,43.23,48.24,53.25,51.66
"238","Michigan",2004,1,51.23,48.8713667333333,51.2797988706913,0.425272269642148,0.811989679090113,-0.0549221160214736,5.1335841385507,47.03,52.02,57.02,94.93
"239","Michigan",2008,1,57.43,53.2559146666667,51.2307067290565,0.481263093199964,0.806797381573274,0.0695392277744436,3.4186481712463,50.7,55.71,60.73,99.87
"240","Michigan",2012,1,54.21,49.2270723333333,57.4332473074595,0.502830181376308,0.801107390060467,-0.160264143656691,16.4735416455068,47.8,52.82,57.85,98.7
"241","Michigan",2016,0,47.27,45.560382,54.2082042105188,0.478012699621962,0.795726596996293,0.109985453821133,9.49728818309853,43.48,48.5,53.52,62.92
"242","Michigan",2020,NA,NA,50.62687875,47.2745309508668,0.482312422071055,0.792197885681151,0.0647275511408365,-0.22303326912931,46.01,51.04,56.07,95.25
"243","Minnesota",1980,1,46.5,34.5074397333333,54.8963014588721,0.492829705894098,0.970257896111571,NA,12.8745581253901,NA,NA,NA,NA
"244","Minnesota",1984,1,49.72,45.7103636,46.5015624421273,0.502302927992711,0.961087657995855,0.06802594979452,3.94290019669421,45.53,50.57,55.61,94.37
"245","Minnesota",1988,1,52.91,47.2824034,49.7188465632884,0.50134617567773,0.952417540954568,0.09259615564955,0.180431375389851,47.43,52.47,57.51,98.89
"246","Minnesota",1992,1,43.48,43.1763866666667,52.9128334263326,0.488061090791946,0.939141003636467,NA,7.017107101808,NA,NA,NA,NA
"247","Minnesota",1996,1,51.1,52.7262342,43.4846512784781,0.522280145885774,0.923392053219862,NA,11.633818125444,NA,NA,NA,NA
"248","Minnesota",2008,1,54.06,52.1150893333333,51.1007565820081,0.465218010336471,0.877494035659874,NA,16.1453268700638,NA,NA,NA,NA
"249","Minnesota",2016,1,46.45,46.9933666666667,54.0602926982798,0.554671053158194,0.84840705996874,-0.125419936952444,10.2373616541408,44.77,49.81,54.86,89.56
"250","Minnesota",2020,NA,NA,50.34114125,46.4450339617669,0.533209940565777,0.837631072382028,NA,1.51984085748962,NA,NA,NA,NA
"251","Mississippi",1980,0,48.14,36.9354278,49.6270123244706,0.316167720847097,0.642486047434367,NA,1.88485014120434,NA,NA,NA,NA
"252","Mississippi",1984,0,37.42,NA,48.1391645640594,0.353120488234861,0.639413154035235,-0.0365533472846483,-1.32413793103448,NA,NA,NA,NA
"253","Mississippi",1988,0,39.07,35.9217172,37.4232815926826,0.365044473484447,0.638167937747956,0.0487947385726158,-24.4590395960489,34.49,39.5,44.51,0.05
"254","Mississippi",1992,0,40.77,35.8253361333333,39.0671445916221,0.361008142696976,0.628529797609056,0.347660031297327,-20.8226922032319,34.36,39.38,44.4,0.06
"255","Mississippi",1996,0,44.08,39.1717619333333,40.7680641438674,0.374196850747827,0.61804311002025,-0.296379187718584,-8.91583052639406,36.74,41.75,46.75,0.35
"256","Mississippi",2000,0,40.7,38.6893276666667,44.0811002207288,0.32526541209606,0.618654710283452,0.0202968970380903,-5.1256520897638,36.6,41.61,46.61,0.31
"257","Mississippi",2004,0,40.16,38.6709365333333,40.6981001504752,0.349038198565978,0.614607772212627,-0.18968339935557,-16.9214149493454,35.57,40.58,45.58,0.13
"258","Mississippi",2008,0,43,41.0424809333333,40.1611125928213,0.394537921294838,0.605721000635727,0.254522762007008,-18.8532615561701,37.44,42.45,47.46,0.65
"259","Mississippi",2012,0,43.79,NA,43.0015544262384,0.437567804665572,0.599968965914788,-0.24966395195633,-13.174634554779,NA,NA,NA,NA
"260","Mississippi",2016,0,40.11,41.6305433333333,43.7893595439893,0.430852304565697,0.593504282886727,-0.174179741728269,-11.4964871995918,37.67,42.68,47.69,0.79
"261","Mississippi",2020,NA,NA,39.42806,40.1147882717841,0.404746350158537,0.590723448321976,0.156419298175052,-17.8262498170515,34.52,39.55,44.58,0.08
"262","Missouri",1980,0,44.35,40.2759946,51.1049856674857,0.405012569570072,0.88795046532219,NA,3.63144963144963,NA,NA,NA,NA
"263","Missouri",1984,0,39.98,37.1586286666667,44.3457165933907,0.426623020150891,0.88499090301724,-0.0878805471338788,-6.81004693726712,37.42,42.44,47.47,0.81
"264","Missouri",1988,0,47.85,41.1836452666667,39.975249332123,0.426663967988912,0.88176896994079,0.0156651579989287,-20.0495013357541,39.87,44.88,49.9,5.25
"265","Missouri",1992,1,44.07,42.4388282666667,47.8504491627286,0.411911911222482,0.879826746693231,-0.0708613578360504,-3.98112389094737,42.02,47.03,52.03,26.91
"266","Missouri",1996,1,47.54,47.4021749333333,44.0716857569409,0.458352253483304,0.864062267274203,-0.0588598733984709,10.1500039727843,44.66,49.69,54.72,85.94
"267","Missouri",2000,0,47.08,43.8740167333333,47.5395782796162,0.39732006665497,0.857432696929084,-0.0108792780441646,6.29818842342561,41.96,46.96,51.96,21.52
"268","Missouri",2004,0,46.1,45.2327230666667,47.0842733481024,0.420861789618327,0.850950312479285,-0.107128984611233,-3.33854261127204,42.91,47.91,52.9,38.76
"269","Missouri",2008,0,49.29,47.4721594,46.1004465168319,0.475206520265962,0.844341479521317,0.0575955172186904,-7.19574542243363,44.5,49.51,54.52,76.58
"270","Missouri",2012,0,44.38,42.2028581333333,49.2926478657051,0.493795826949606,0.838186318994178,-0.124942875533615,-0.133426546173681,39.9,44.92,49.94,6.76
"271","Missouri",2016,0,38.14,38.8660826666667,44.3834835454533,0.45769505742263,0.832541252986832,-0.130204177059003,-9.38025759042376,35.36,40.38,45.39,0.13
"272","Missouri",2020,NA,NA,44.72600375,38.1352308352367,0.461400149659897,0.828716524250875,0.180419376922971,-18.6371170029249,38.89,43.94,48.99,5.8
"273","Montana",1980,0,32.43,NA,45.4041869718374,0.433388132958745,0.945975414325415,NA,-7.43579915676504,NA,NA,NA,NA
"274","Montana",1984,0,38.18,NA,32.4306501956302,0.461427673083555,0.939683568358785,0.0349407348580334,-24.3938761155317,NA,NA,NA,NA
"275","Montana",1988,0,46.2,36.4366736666667,38.1765818454278,0.468236237123951,0.934167708072982,0.0329456835918344,-22.2979002385679,35.32,40.34,45.36,0.13
"276","Montana",1992,1,37.63,36.4068322666667,46.198526556441,0.456978255436141,0.926697506569626,-0.0855635358381665,-5.87299069663143,36.33,41.36,46.38,0.4
"277","Montana",1996,0,41.25,41.3969464666667,37.6311245229345,0.497212298824128,0.919139434067434,-0.0169452137302407,2.50862797534238,37.92,42.98,48.05,3.23
"278","Montana",2000,0,33.37,32.5747445333333,41.2500644831644,0.459329943785867,0.912689358943009,-0.0885151162315388,-2.88147625914126,30.58,35.62,40.65,0
"279","Montana",2004,0,38.57,34.5643084666667,33.3651267926401,0.454744720189694,0.90768476434099,-0.263575677683138,-25.0743334322824,30.45,35.47,40.49,0
"280","Montana",2008,0,47.27,45.1978220666667,38.565028394837,0.484332947315564,0.90360246411618,0.197835466402,-20.5031147737515,40.96,45.99,51.02,19.02
"281","Montana",2012,0,41.7,42.3361635333333,47.2684647700818,0.501947430139848,0.896705762101968,-0.135082928402782,-2.26398617450404,39.57,44.58,49.6,4.08
"282","Montana",2016,0,35.94,33.8962633333333,41.6981373748058,0.482223747562969,0.891392590158705,0.193975019383021,-13.6533980101147,30.51,35.55,40.59,0
"283","Montana",2020,NA,NA,43.9919725,35.9352187751503,0.475113343882313,0.889063023378101,0.144495749469598,-20.5309730934268,37.72,42.78,47.84,2.72
"284","Nebraska",1980,0,26.02,23.8440116666667,38.4496719401268,0.391728716038017,0.958215883014394,NA,-20.7542163233891,NA,NA,NA,NA
"285","Nebraska",1984,0,28.81,25.1880885333333,26.0227384669751,0.406751018892117,0.954195354763011,-0.098696397135673,-39.5272800621704,22.87,27.9,32.93,0
"286","Nebraska",1988,0,39.19,35.3221437333333,28.8098268643899,0.410471107955368,0.949579917491634,0.0574660036604877,-41.7408639911669,32.33,37.36,42.4,0.01
"287","Nebraska",1992,0,29.4,31.2960727333333,39.1910380745769,0.420919300759731,0.939768701987421,0.331824523053382,-20.9717823316426,30.48,35.51,40.54,0
"288","Nebraska",1996,0,34.95,36.8417073333333,29.4034541574356,0.457623595648535,0.925208813794257,-0.245644331375514,-17.194046201864,32.12,37.18,42.24,0.02
"289","Nebraska",2000,0,33.25,32.0650679333333,34.9506580161349,0.404731320276745,0.925663138485955,-0.156127763033617,-18.7043392898002,28.83,33.84,38.85,0
"290","Nebraska",2004,0,32.68,31.7448756,33.2530390132837,0.40670490483248,0.91690151311615,0.0986617245960908,-28.9923230213237,28.06,33.07,38.08,0
"291","Nebraska",2008,0,41.6,39.5008496666667,32.6821608201638,0.444837855913843,0.906829186284847,0.332075648295649,-33.2164803787269,34.66,39.71,44.76,0.15
"292","Nebraska",2012,0,38.03,37.2074874666667,41.5982657769247,0.446053670218629,0.898611829797934,-0.355377166397574,-14.9335875928669,33.65,38.68,43.7,0.04
"293","Nebraska",2016,0,33.7,31.6183863333333,38.027314417929,0.428628777917049,0.887375001049529,0.221205595142595,-21.7758777611191,27.65,32.69,37.72,0
"294","Nebraska",2020,NA,NA,46.69869125,33.6987563771355,0.443020524596771,0.880956344266566,0.0977729265612745,-25.0485947499902,39.57,44.66,49.74,22.79
"295","Nevada",1980,0,27.36,25.2051305333333,45.8098040381224,0.312103929513947,0.899218108773597,NA,-4.35613941231251,NA,NA,NA,NA
"296","Nevada",1984,0,32.42,NA,27.3566633291204,0.300774485784637,0.892706512231855,-0.326555825929428,-36.2551909787765,NA,NA,NA,NA
"297","Nevada",1988,0,38.68,30.838155,32.4193451401932,0.305666105537662,0.886899164017886,-0.0334572672810111,-34.3506050219831,28.72,33.74,38.77,0
"298","Nevada",1992,1,37.36,35.0362182727273,38.6841253974406,0.319186659262174,0.863218503929725,-0.0227149222680289,-21.3625620386264,33.28,38.3,43.31,0.02
"299","Nevada",1996,1,43.93,42.9329168,37.3575499982225,0.374670981310036,0.829608358538576,-0.205169270808842,2.63075774513251,38.8,43.86,48.93,6.76
"300","Nevada",2000,0,45.94,41.2134824,43.9334968844165,0.278625354073647,0.837269367392845,0.344633787203338,1.01878396395271,38.56,43.62,48.69,5.54
"301","Nevada",2004,0,47.88,44.7809611333333,45.9412627620088,0.301884194158636,0.816546345571732,-0.307344259611942,-3.54382648590641,41.76,46.8,51.84,37.71
"302","Nevada",2008,1,55.15,48.9247030666667,47.878040518957,0.353584187685564,0.78859750605774,0.468409120167922,-2.59165102635408,45.93,50.97,56.02,95.97
"303","Nevada",2012,1,52.36,49.5927541333333,55.1466759243187,0.364726054498932,0.771737276584951,-0.0969650557957968,12.4925608153346,47.32,52.33,57.35,97.51
"304","Nevada",2016,1,47.92,44.9985253333333,52.3562494704006,0.369868614968827,0.753248515970349,-0.144266007139652,6.68093382913693,42.19,47.21,52.23,35.27
"305","Nevada",2020,NA,NA,50.0423925,47.917823678119,0.385727746067523,0.739427483543041,0.321248793206397,2.41712836051662,45.41,50.46,55.5,95.05
"306","New Hampshire",1980,0,28.35,30.0187854,43.4726921004514,0.400964552404002,0.990974303489316,NA,-11.2741330930698,NA,NA,NA,NA
"307","New Hampshire",1984,0,30.95,38.5168618,28.3507383004766,0.415461184744387,0.987140469031993,-0.102728036342337,-29.3864423552697,35.09,40.13,45.17,0.17
"308","New Hampshire",1988,0,36.33,30.1866045333333,30.9451689877193,0.398115191178292,0.984278240049659,-0.173637642251764,-37.7221627959599,28.05,33.08,38.1,0
"309","New Hampshire",1992,1,38.91,38.8687938,36.334498640475,0.416160158732505,0.978435905326968,0.383054216504917,-26.1563731202486,36.67,41.7,46.72,0.53
"310","New Hampshire",1996,1,49.57,50.4159938,38.9117950913508,0.480607165606235,0.968411168968919,-0.222607494513781,1.22036800908388,46.23,51.3,56.36,98.46
"311","New Hampshire",2000,0,46.8,40.8525840666667,49.5705773494403,0.422736841746835,0.966057657099627,0.0351901759961699,10.0040878217146,39.74,44.76,49.77,5.93
"312","New Hampshire",2004,1,50.2,48.2123486,46.8031791607873,0.458979967448515,0.958286083243355,0.0157185118093151,-1.26713068965578,45.58,50.58,55.58,86.92
"313","New Hampshire",2008,1,54.13,51.4957345333333,50.2016108225574,0.525754561006293,0.950568657639679,0.31116881317236,1.3672678379506,49.11,54.15,59.18,99.75
"314","New Hampshire",2012,1,51.98,47.9854358,54.1268970561346,0.540289351974989,0.943293169172773,-0.142676108119662,9.60546858517237,46.13,51.16,56.2,95.71
"315","New Hampshire",2016,1,46.83,45.028704,51.979684150712,0.536893837333639,0.935252516749149,0.153995318190107,5.5758876580231,42.69,47.73,52.77,57.86
"316","New Hampshire",2020,NA,NA,53.626725,46.8262626696905,0.554490142716979,0.93115154617415,0.0597633052274298,0.367595687737136,48.71,53.77,58.83,99.78
"317","New Jersey",1980,0,38.56,33.6760556,47.9239150338766,0.410462904878883,0.856735937790202,NA,-2.15742591073992,NA,NA,NA,NA
"318","New Jersey",1984,0,39.2,32.1816616,38.5579920448542,0.403409825753457,0.844111761946086,0.0415811117400942,-13.4151677395853,31.66,36.68,41.7,0.01
"319","New Jersey",1988,0,42.6,38.9838576,39.1975479371086,0.428164876892662,0.830841069751526,-0.071282817518081,-20.8929717930725,37.69,42.7,47.72,0.81
"320","New Jersey",1992,1,42.95,41.4247034666667,42.5981423773041,0.401895639101683,0.809766578499762,-0.122315600325867,-13.6419670836408,39.99,44.99,50,4.61
"321","New Jersey",1996,1,53.72,49.660507,42.9539591230275,0.424286606904022,0.788504730786655,-0.0423637293740061,2.37292566023267,46.56,51.57,56.59,95.25
"322","New Jersey",2000,1,56.13,47.1397106666667,53.7202928611835,0.377424844127243,0.781789740044061,0.132716815519131,17.8571846572991,46.13,51.15,56.16,94.6
"323","New Jersey",2004,1,52.92,49.4518586,56.1256089150879,0.3780535265433,0.766141092755034,0.0332051881221277,15.834365056008,48.39,53.4,58.41,99.02
"324","New Jersey",2008,1,57.27,55.0528086666667,52.9234090070275,0.418283106691817,0.751095672298185,0.100619031494588,6.68459732574021,52.5,57.51,62.53,99.97
"325","New Jersey",2012,1,58.34,52.1161886,57.272137151886,0.44405889504069,0.738252890748181,-0.145459459209918,15.5682032926111,50.24,55.25,60.26,99.81
"326","New Jersey",2016,1,55.45,51.4450606666667,58.3423549106376,0.411364936027845,0.726843506248065,0.0391582961487099,17.7187900834932,49.37,54.39,59.4,99.67
"327","New Jersey",2020,NA,NA,56.35348625,55.4530844496942,0.436717568722736,0.719282519288599,0.193859127807366,14.1026977996647,52.76,57.79,62.83,99.99
"328","New Mexico",1980,0,36.78,NA,48.2844043303968,0.348563625684217,0.892388880403238,NA,-2.46549365083175,NA,NA,NA,NA
"329","New Mexico",1984,0,39.23,37.3668567333333,36.7848289375916,0.348432106308233,0.887518978710669,-0.122206424574597,-18.1819975144497,35.76,40.78,45.79,0.19
"330","New Mexico",1988,0,46.89,37.9805746,39.2264323347007,0.363071293601625,0.881360981684667,-0.0970920434109678,-20.4778661274958,36.61,41.62,46.63,0.31
"331","New Mexico",1992,1,45.9,40.7299965333333,46.8935742548242,0.34984526979151,0.865539455523924,0.126324613516541,-4.95677874592194,40.18,45.19,50.19,6.79
"332","New Mexico",1996,1,49.18,48.1908567333333,45.8988466383385,0.357258991552184,0.846989087646933,-0.222106279883824,8.5603856936837,45.55,50.58,55.61,93.05
"333","New Mexico",2000,1,47.91,42.4435324,49.1832022356737,0.317334788161564,0.853286342441594,0.12805450514397,7.32708236673536,40.9,45.93,50.95,18.22
"334","New Mexico",2004,0,49.05,46.0891748,47.9085540548442,0.328686407453531,0.845406679665176,0.307103464507392,0.0611421555115683,43.69,48.71,53.74,67.12
"335","New Mexico",2008,1,56.91,52.1672514666667,49.0466796420487,0.397258547080378,0.839325555463822,-0.0683718559349518,-0.7917451183651,49.01,54.02,59.04,99.43
"336","New Mexico",2012,1,52.99,50.0931775333333,56.9074802627933,0.412877947661019,0.831750354164141,-0.0757024636716234,15.1284454284606,48.29,53.3,58.31,98.93
"337","New Mexico",2016,1,48.26,43.509628,52.9927605204668,0.375487290094567,0.822911317967327,0.0271934549122568,10.1494338813766,41.01,46.03,51.05,16.16
"338","New Mexico",2020,NA,NA,53.338385,48.2556471786341,0.381673144867878,0.818691462203165,0.0998379789278026,8.21313284539138,48.16,53.22,58.27,99.64
"339","New York",1980,0,43.99,37.6274944666667,48.6508328556976,0.370981383007428,0.836092598552926,NA,6.27227904362486,NA,NA,NA,NA
"340","New York",1984,0,44.09,40.283356,43.9920999155267,0.353050939291345,0.81597860797188,-0.00829860297513365,1.46198967132805,39.71,44.74,49.76,7.25
"341","New York",1988,1,50.19,45.4935741333333,44.0923868890126,0.383575694721351,0.795375075475262,0.0102420292431495,-5.51262632569441,44.24,49.25,54.26,72.23
"342","New York",1992,1,47.28,49.8777209333333,50.1949756101246,0.361494414928142,0.772944824456299,-0.164423386471967,6.43067198936488,48.78,53.8,58.81,99.45
"343","New York",1996,1,56.68,55.3083740666667,47.276306912758,0.387985237621387,0.75083003110532,-0.0570011790751293,18.4365638373248,52.1,57.16,62.22,99.99
"344","New York",2000,1,56.64,52.8625734666667,56.6789390304186,0.346404651057699,0.745309623624734,0.0838360873092583,29.6767311231069,51.53,56.58,61.62,99.98
"345","New York",2004,1,56.13,54.613486,56.6392704823055,0.36629278941236,0.735063179759902,-0.0915250926243639,24.189453917731,52.79,57.81,62.83,99.98
"346","New York",2008,1,60.16,61.3324289333333,56.1305812654919,0.38850585348605,0.723330815519698,0.313836315991681,18.444051273142,58.56,63.62,68.67,100
"347","New York",2012,1,60.76,59.641461,60.1569615407577,0.401928157366406,0.711735267868912,0.0105175961720208,28.8397244295825,57.25,62.28,67.31,100
"348","New York",2016,1,56.14,53.6263766666667,60.7609841748745,0.363603368161704,0.701524817775072,-0.130643472924371,29.5193868466431,51.38,56.42,61.46,99.97
"349","New York",2020,NA,NA,62.27860125,56.136142599849,0.39738776132217,0.696364845490242,0.329079313063056,23.745540294106,57.85,62.93,68.02,100
"350","North Carolina",1980,0,47.18,47.6274050666667,55.2691867124857,0.299976240121728,0.76076186052504,NA,11.0497846720853,NA,NA,NA,NA
"351","North Carolina",1984,0,37.89,34.6938631333333,47.1828553539031,0.314602354983404,0.761600738740598,-0.155144674333352,-2.1221198243592,35.46,40.51,45.57,0.3
"352","North Carolina",1988,0,41.71,40.5662088,37.8919636786722,0.352913625623864,0.761036146240366,0.0512221642652391,-24.0049352728122,38.71,43.73,48.75,2.48
"353","North Carolina",1992,0,42.65,41.6461522,41.7063114642728,0.329348048657908,0.7496160043751,-0.0545772320067935,-16.2619883150532,39.86,44.88,49.89,6.54
"354","North Carolina",1996,0,44.04,44.0355599333333,42.6533683021613,0.378681885178566,0.734796891477695,-0.145725541037318,-0.789440434940751,41.4,46.4,51.41,14.34
"355","North Carolina",2000,0,43.15,41.2180654,44.0355321374016,0.335410969953351,0.743575850071533,0.104568466734226,-4.69388152588812,38.89,43.89,48.9,1.8
"356","North Carolina",2004,0,43.58,43.5060608666667,43.1456711686833,0.360694039581697,0.736710396354467,-0.00480985076990857,-12.8120851186453,40.51,45.51,50.52,7.1
"357","North Carolina",2008,1,49.7,48.4390068666667,43.5831462205017,0.409323603742807,0.728174997252791,0.0529396076285999,-12.4340511172928,44.69,49.71,54.72,83.12
"358","North Carolina",2012,0,48.35,46.1579959333333,49.7036663990474,0.463061884758163,0.71865298196539,-0.144921583548647,0.328867780398816,43.46,48.47,53.47,56.69
"359","North Carolina",2016,0,46.17,46.3859866666667,48.3509685770676,0.462114271577262,0.710076369885811,0.0353724770937662,-2.0420955250754,42.99,48,53,46.39
"360","North Carolina",2020,NA,NA,49.16689,46.1728661682095,0.466928900928311,0.705513704886422,0.0878552564481607,-3.65522852797094,44.5,49.53,54.56,84.15
"361","North Dakota",1980,0,26.3,25.9809932,45.7700431875362,0.460733341288376,0.961886060087411,NA,-5.92180499683829,NA,NA,NA,NA
"362","North Dakota",1984,0,33.8,NA,26.2985029025359,0.460154650203246,0.956217422802973,1.31943897557362,-38.0272054623467,NA,NA,NA,NA
"363","North Dakota",1988,0,42.97,35.4338102,33.7989649514032,0.454035935394468,0.95074084812232,0.0546451725644739,-31.040777289778,33.51,38.54,43.56,0.03
"364","North Dakota",1992,0,32.18,32.693459,42.9720010361265,0.453605053942289,0.940888999612988,-0.136782814732627,-13.059230776994,32.35,37.38,42.42,0.01
"365","North Dakota",1996,0,40.13,37.5008336666667,32.1835051747135,0.482798332244372,0.929936560359912,-0.197558402049624,-12.0324664998556,33.36,38.41,43.46,0.05
"366","North Dakota",2000,0,33.06,34.4679872666667,40.1278475738614,0.409622345021849,0.929212037574978,0.0745707800686962,-6.81090495512573,32.06,37.08,42.09,0.01
"367","North Dakota",2004,0,35.5,34.5152409333333,33.0553396980462,0.44898079975328,0.918950527760759,-0.0677077483807294,-27.6032415630551,30.47,35.49,40.5,0
"368","North Dakota",2008,0,44.62,45.0983948,35.4988124654368,0.485234331981294,0.909440682270606,0.253302253054862,-27.3625224960282,40.28,45.33,50.39,17.32
"369","North Dakota",2012,0,38.7,38.2999486666667,44.6205400147179,0.481502321429386,0.899296325031091,-0.313656511732815,-8.62956026290107,35.32,40.35,45.38,0.16
"370","North Dakota",2016,0,27.23,30.6956566666667,38.6973108889797,0.460557691649457,0.878381674208745,NA,-19.6183716695775,NA,NA,NA,NA
"371","North Dakota",2020,NA,NA,37.6914125,27.226739458706,0.456448145232055,0.869424010119912,NA,-35.7288883726333,NA,NA,NA,NA
"372","Ohio",1980,0,40.91,33.903369,48.8986866663942,0.382270885415063,0.894273770560105,NA,0.227055100456006,NA,NA,NA,NA
"373","Ohio",1984,0,40,39.091122,40.9098135378092,0.396606037599589,0.889837929628228,0.142492826796289,-10.601612707807,38.39,43.4,48.42,1.48
"374","Ohio",1988,0,44.15,40.2364902,40.0031994845762,0.424971523345269,0.885350575641887,-0.055950828122808,-18.695486864034,38.95,43.97,48.98,3.05
"375","Ohio",1992,1,40.18,42.0782204,44.1468413607566,0.406867901017118,0.877586885488472,0.0303067074019867,-10.8549168845032,40.97,45.97,50.98,10.29
"376","Ohio",1996,1,47.38,47.4310324666667,40.1812805632102,0.44788956021394,0.869471886385871,-0.124564078251093,1.83466812632554,43.87,48.91,53.94,79.52
"377","Ohio",2000,0,46.44,41.9472264,47.3757474472007,0.403317955528445,0.85807106991191,0.0207157839970553,6.35887522014875,40.22,45.22,50.22,5.59
"378","Ohio",2004,0,48.71,47.5623376,46.4404280903565,0.413779223610101,0.849761151759597,-0.0701919367173192,-3.54604574480891,44.83,49.82,54.82,72.94
"379","Ohio",2008,1,51.5,49.4364074666667,48.7066852431536,0.491423301846947,0.841171784787855,0.196792343717416,-2.10733909237597,46.87,51.89,56.91,97.11
"380","Ohio",2012,1,50.67,48.2263508,51.5042700605254,0.495714822015162,0.83375843790802,-0.19857378421712,4.59369169725052,45.7,50.71,55.73,90.39
"381","Ohio",2016,0,43.56,43.28978,50.6667476583199,0.483233111866795,0.823694364198491,-0.0194316418861528,2.9783067798973,40.69,45.71,50.72,12.69
"382","Ohio",2020,NA,NA,46.5200025,43.55807627672,0.472435293015436,0.817234517627533,0.144465071795341,-8.12957439906616,41.62,46.65,51.68,29.58
"383","Oklahoma",1980,0,34.97,40.0367794666667,48.747220190231,0.386857174834844,0.868424912472482,NA,-1.21455599491326,NA,NA,NA,NA
"384","Oklahoma",1984,0,30.67,NA,34.9676613540134,0.378099145015815,0.855079309762337,0.121283875924053,-25.5320481374401,NA,NA,NA,NA
"385","Oklahoma",1988,0,41.28,38.1545657333333,30.6671466206251,0.382183114774306,0.839504664256864,-0.0574559304004442,-37.9437052233219,35.11,40.14,45.18,0.14
"386","Oklahoma",1992,0,34.02,36.3420415333333,41.2816514607578,0.369754447652463,0.827211593666483,0.020527938389038,-16.6471397975809,35.17,40.17,45.17,0.07
"387","Oklahoma",1996,0,40.45,40.7810222666667,34.0247374958554,0.431719192912194,0.807770298692057,-0.234849176371538,-8.62101083245406,36.54,41.58,46.62,0.61
"388","Oklahoma",2000,0,38.43,36.5430332,40.4491374502471,0.361277363838343,0.787810060604482,-0.210317620307389,-7.80715878589192,33.8,38.81,43.82,0.03
"389","Oklahoma",2004,0,34.43,32.6472631333333,38.4269045695734,0.357295479777036,0.777283657562493,0.32858408813394,-21.8809475389089,29.95,34.98,40,0
"390","Oklahoma",2008,0,34.35,34.2450948,34.4295983352439,0.415223050504747,0.766137472689928,-0.153087896249753,-31.1408033295121,30.11,35.13,40.15,0
"391","Oklahoma",2012,0,33.23,30.5019297333333,34.3549188773065,0.398656464364989,0.755124496767845,-0.0961545696648717,-31.290162245387,26.26,31.28,36.31,0
"392","Oklahoma",2016,0,28.93,30.794178,33.2276802569834,0.349551457599139,0.745542849036416,-0.284704525520258,-33.5446394860331,25.59,30.65,35.7,0
"393","Oklahoma",2020,NA,NA,36.35427,28.9316802845439,0.370063552970954,0.739796677812397,0.364684941706208,-36.3911845350835,29.34,34.44,39.54,0
"394","Oregon",1980,0,38.67,34.4539168,47.6180627570698,0.434152068477819,0.960106284297623,NA,-0.166330703890559,NA,NA,NA,NA
"395","Oregon",1984,0,43.74,38.2294018666667,38.6698106500462,0.447337554113292,0.953753653075146,-0.153110916018077,-9.66165502625441,37,42.02,47.04,0.56
"396","Oregon",1988,1,51.28,46.3020080666667,43.7396812300096,0.459961021364747,0.947578098980154,-0.00454314714175921,-12.1661406556888,45.24,50.27,55.29,91.06
"397","Oregon",1992,1,42.48,41.8844306666667,51.2781123979982,0.438366948200067,0.936161550661735,0.118313234214112,4.66674544434773,42.27,47.29,52.31,36.89
"398","Oregon",1996,1,47.15,49.2209581333333,42.4788550589583,0.488891302930888,0.922625989687448,-0.145035800624341,9.95164233514262,45.89,50.94,55.99,96.7
"399","Oregon",2000,1,46.96,42.0166914666667,47.1519713157589,0.424303326865019,0.912629442506476,0.0681356271385465,8.09204796190919,40.23,45.24,50.24,7.07
"400","Oregon",2004,1,51.35,50.7067138,46.9599400241207,0.447253818692437,0.903934849583817,-0.0572958331411101,0.441018286124056,47.73,52.73,57.74,97.78
"401","Oregon",2008,1,56.75,53.8911124666667,51.3486630422119,0.514582165440572,0.893355830636593,0.0337638597633685,4.15574629977863,51.33,56.36,61.38,99.95
"402","Oregon",2012,1,54.24,48.2644079333333,56.7488062569206,0.485005630517084,0.883142630637951,-0.0905989652774703,16.3478245646284,46.75,51.77,56.78,96.8
"403","Oregon",2016,1,50.07,46.9996733333333,54.239326652769,0.45890472969871,0.873142531887718,0.0454345136982683,12.0894554762557,44.62,49.63,54.65,78.43
"404","Oregon",2020,NA,NA,57.35443875,50.0718520028621,0.489327076735903,0.866610696684027,0.070992068209765,10.9778168183653,52.41,57.46,62.51,99.99
"405","Pennsylvania",1980,0,42.48,35.354953,50.3956793507253,0.388710456498847,0.904701134660762,NA,2.66346403761956,NA,NA,NA,NA
"406","Pennsylvania",1984,0,45.99,40.92637,42.4759306202059,0.384343088587629,0.900704221477888,0.0335485700515393,-7.1102034176908,40.26,45.27,50.28,7.25
"407","Pennsylvania",1988,0,48.39,43.4089308,45.9891766666949,0.410057658900524,0.895608764489895,0.0104480195545049,-7.3518912556144,43,48.01,53.02,46.6
"408","Pennsylvania",1992,1,45.15,41.2933368666667,48.3867405044386,0.3829431724698,0.886050649614713,0.145899968300163,-2.31783911428182,41.1,46.1,51.11,11.39
"409","Pennsylvania",1996,1,49.23,48.8365440666667,45.1461648732512,0.411621277319712,0.873505703220434,-0.0600729927051966,9.01895435510635,46.15,51.17,56.19,94.69
"410","Pennsylvania",2000,1,50.61,44.9693677333333,49.2261247677619,0.368341742179348,0.868812251341625,-0.0505249235211289,9.21176893733309,43.2,48.2,53.21,44.97
"411","Pennsylvania",2004,1,50.92,49.1290033333333,50.6081713127661,0.399879177865698,0.857199363582554,-0.0322279117342566,4.17003838414066,47.06,52.06,57.06,96.07
"412","Pennsylvania",2008,1,54.49,51.9198691333333,50.9238091441506,0.464887538372062,0.844413125773799,0.054630762877445,2.50014299109642,49.41,54.42,59.43,99.6
"413","Pennsylvania",2012,1,52.08,49.2604766666667,54.4855280120374,0.476778950047513,0.833678046995414,-0.143456789395231,10.3184755321229,47.2,52.22,57.23,97.82
"414","Pennsylvania",2016,0,47.85,46.9625073333333,52.0768577021407,0.449752246356617,0.823272461279389,0.0183945492140705,5.39599166846626,44.21,49.21,54.22,66.54
"415","Pennsylvania",2020,NA,NA,50.38161375,47.8536161645629,0.478428292303209,0.816049912244105,0.135738276571546,-0.724269639183163,45.98,51.01,56.04,95.13
"416","Rhode Island",1980,1,47.68,40.067996,55.4420045593594,0.432047697567454,0.956787345339718,NA,11.2978099487559,NA,NA,NA,NA
"417","Rhode Island",1984,0,48.02,38.9026639333333,47.682147862691,0.438426262130141,0.947468278762235,-0.0769277954973403,10.4693401159227,39.33,44.38,49.42,8.32
"418","Rhode Island",1988,1,55.64,43.0627797333333,48.0173646553257,0.42675032098098,0.938430781799004,-0.187827885917047,-3.64784440021536,43.05,48.08,53.1,59.68
"419","Rhode Island",1992,1,47.05,47.7389725333333,55.6378545902101,0.406081049209811,0.919846412287017,0.236562291189945,11.7052458838126,48.4,53.42,58.45,99.23
"420","Rhode Island",1996,1,59.72,55.0296714,47.0479635613689,0.447732082667954,0.895383747366276,0.168064740306734,18.0203588719906,52.05,57.11,62.16,99.99
"421","Rhode Island",2000,1,60.99,51.1297325333333,59.7185884837039,0.38226043277797,0.897704205021956,0.134893332093257,32.8937826556002,50.8,55.84,60.88,99.94
"422","Rhode Island",2004,1,59.42,55.5959818666667,60.9877001896791,0.389531053026466,0.883486463070654,-0.0171459815817718,29.0759009757719,54.74,59.77,64.79,100
"423","Rhode Island",2008,1,62.86,55.2038480666667,59.423426226283,0.406795591575864,0.870390889883725,0.0389173454464472,20.7519890925895,53.85,58.86,63.88,99.99
"424","Rhode Island",2012,1,62.7,55.5151017333333,62.8640046124562,0.447170292406751,0.857090841164741,-0.220376988072505,27.8061581377208,54.32,59.35,64.38,100
"425","Rhode Island",2016,1,54.41,48.4332886666667,62.7009588632639,0.422947200937588,0.844373894035599,0.101151314777006,27.4572972924499,47.55,52.59,57.63,99
"426","Rhode Island",2020,NA,NA,64.45113,54.4066065703747,0.43921004570531,0.835898244318981,0.0661013686044825,15.508549070978,59.59,64.67,69.75,100
"427","South Carolina",1980,0,48.21,44.84873,56.1695176698236,0.272856833481392,0.690108348949849,NA,13.0401466265794,NA,NA,NA,NA
"428","South Carolina",1984,0,35.57,NA,48.2089663138413,0.283380900698101,0.692207866830651,-0.180196857621766,-1.24479599395671,NA,NA,NA,NA
"429","South Carolina",1988,0,37.58,36.8634216,35.5651715126754,0.296017499504869,0.693360710437013,0.177166864093673,-27.9888366791289,34.81,39.84,44.87,0.1
"430","South Carolina",1992,0,42.76,34.6153494666667,37.5811985488976,0.288974492811898,0.687093698487266,0.0653907167109853,-23.9236153016859,32.67,37.7,42.72,0.02
"431","South Carolina",1996,0,44.01,41.1992485333333,42.7625411746325,0.339434945355071,0.678002739581687,-0.36683652389891,-4.23081555066596,38.79,43.81,48.84,2.66
"432","South Carolina",2000,0,40.9,39.2141392666667,44.0062529234504,0.302982456140351,0.681420115137755,0.214988033071165,-5.84142335734693,37.07,42.1,47.12,0.76
"433","South Carolina",2004,0,40.9,39.5814504666667,40.9015233737649,0.343892970146038,0.682046279186905,-0.00729347617596547,-15.9588612488457,36.47,41.47,46.48,0.22
"434","South Carolina",2008,0,44.9,41.7395951333333,40.9018359399147,0.384167739076558,0.684190933266446,-0.15396050147899,-17.0801137417321,38,43.01,48.02,1.06
"435","South Carolina",2012,0,44.09,44.0668236666667,44.8965600173662,0.42414897253166,0.683520465074277,-0.0787478360182647,-8.97708396127163,40.55,45.56,50.56,9.17
"436","South Carolina",2016,0,40.67,40.5771486666667,44.0880334073615,0.416360103566533,0.684390863353696,0.0699227151903296,-10.4730978484999,36.84,41.85,46.86,0.38
"437","South Carolina",2020,NA,NA,43.31056375,40.6734197896651,0.424171152375328,0.686005864765454,0.0342509164645189,-14.2659128960303,38.03,43.06,48.08,1.75
"438","South Dakota",1980,0,31.69,18.9673961333333,48.912125263571,0.437768165359478,0.928886257673507,NA,-1.47566499710653,NA,NA,NA,NA
"439","South Dakota",1984,0,36.53,NA,31.691806300217,0.474346856268573,0.925449982072427,0.0960473231433383,-28.8334253882326,NA,NA,NA,NA
"440","South Dakota",1988,0,46.51,39.7119340666667,36.5287997810405,0.455886697741126,0.920645697261373,0.147848970598297,-26.4745947204334,37.96,42.98,48.01,1.3
"441","South Dakota",1992,0,37.14,36.1954014666667,46.5061295692208,0.4483084106795,0.90883570589828,0.14146718818726,-6.34363288401264,36.31,41.33,46.36,0.31
"442","South Dakota",1996,0,43.03,41.37224,37.1409708137301,0.471736150762976,0.895710530535035,-0.114318725486177,-3.51817376150172,37.88,42.92,47.95,1.95
"443","South Dakota",2000,0,37.56,33.2132836,43.0271195024488,0.436297936037229,0.89214705680008,-0.58354237319363,-3.4617356234521,31.35,36.41,41.47,0.01
"444","South Dakota",2004,0,38.44,38.2871786,37.5642253904113,0.418431581119914,0.882193053961859,0.830309421270561,-22.7325472936013,35.08,40.18,45.28,0.72
"445","South Dakota",2008,0,44.75,42.2766410666667,38.4436459178548,0.503916167789033,0.872675579759837,0.515001009689636,-21.4674858003941,38.5,43.56,48.62,5.27
"446","South Dakota",2012,0,39.87,38.7048833333333,44.7474311146017,0.477992151405789,0.860501747911983,-0.335802777392673,-8.41154525819753,35.7,40.72,45.75,0.18
"447","South Dakota",2016,0,31.74,32.9808206666667,39.8661407583525,0.436456141445308,0.84996685963782,-0.270661006666186,-18.0231711171887,29.05,34.08,39.11,0
"448","South Dakota",2020,NA,NA,40.50861375,31.737428159949,0.428846715396132,0.845602655938616,0.0759916900739529,-29.7933222190098,33.64,38.71,43.77,0.1
"449","Tennessee",1980,0,48.41,52.78391,55.9407483069687,0.341023662789086,0.8378330143653,NA,12.9989853327066,NA,NA,NA,NA
"450","Tennessee",1984,0,41.57,NA,48.4077185191047,0.351636388615232,0.837077689132944,0.196871757325544,-0.291169226812791,NA,NA,NA,NA
"451","Tennessee",1988,0,41.55,39.4165006,41.5722494192441,0.365284164290639,0.833283911581652,-0.119910089784199,-16.2674730562567,38.38,43.39,48.4,1.47
"452","Tennessee",1992,1,47.08,44.5970756,41.5458517952636,0.339299333656545,0.8231479944916,0.0851122048380514,-16.3446294881589,42.54,47.56,52.58,42.58
"453","Tennessee",1996,1,48,45.9218906,47.0847930888039,0.392621642848288,0.808871841840047,-0.227996412905646,4.65142905563194,NA,NA,NA,NA
"454","Tennessee",2000,0,47.28,45.259625,47.9987117926409,0.349682450920247,0.811965666611556,0.18892013157684,2.40831421700486,43.39,48.4,53.4,55.17
"455","Tennessee",2004,0,42.53,41.5422115333333,47.2848947177534,0.364004783545613,0.805070338087392,-0.117992924856514,-3.86425846301454,39.52,44.53,49.53,3.91
"456","Tennessee",2008,0,41.83,40.6870641333333,42.5252911087962,0.412349477034362,0.79939482131078,-0.00783895162116051,-14.2737983825671,37.54,42.54,47.54,0.56
"457","Tennessee",2012,0,39.08,38.9337492,41.828538062713,0.416132218610237,0.792526160159333,-0.307886978091313,-15.0684162201813,35.22,40.24,45.25,0.12
"458","Tennessee",2016,0,34.72,37.6911186666667,39.0758149937952,0.380944508264618,0.787215487187049,0.048204716117915,-20.4028997261424,33.14,38.16,43.18,0.02
"459","Tennessee",2020,NA,NA,40.9738875,34.7163327986501,0.377373341298012,0.784048700472414,0.076461670870832,-26.0057008955645,34.61,39.67,44.73,0.18
"460","Texas",1980,0,41.42,41.2565640666667,51.1389568072175,0.315569978086172,0.866458695535732,NA,3.16853328827639,NA,NA,NA,NA
"461","Texas",1984,0,36.11,33.9790205333333,41.4200301389191,0.316750600911913,0.862146569069902,0.0776523862804491,-13.8619211226968,33.8,38.83,43.85,0.04
"462","Texas",1988,0,43.35,40.9370514666667,36.1139482926672,0.337198808427866,0.858688165385095,-0.0952912620627155,-27.4966647034379,38.56,43.6,48.63,3.49
"463","Texas",1992,0,37.08,36.5423614,43.3493692203095,0.325637305724352,0.846512093815798,0.0245066158905179,-12.6041887382748,35.64,40.65,45.66,0.13
"464","Texas",1996,0,43.83,40.3450696666667,37.078458334051,0.346515134401194,NA,-0.16256811515439,-3.48156277735944,NA,NA,NA,NA
"465","Texas",2000,0,37.98,29.776409,43.8317719370651,0.290152263077871,0.835001878058769,0.0186909774567522,-4.92696970798576,28.4,33.46,38.52,0
"466","Texas",2004,0,38.22,35.8820746,37.981958091571,0.305934126187502,0.828048091225056,-0.0491574844808816,-21.3166413765324,32.42,37.44,42.47,0.01
"467","Texas",2008,0,43.68,42.1399946666667,38.2242604627413,0.330925309847186,0.815597687757217,-0.249034252206201,-22.8615623063202,37.62,42.67,47.71,1.97
"468","Texas",2012,0,41.38,39.2916400666667,43.6831214458896,0.332295941439725,0.806181115890326,-0.00114964728138622,-11.7692390064368,35.82,40.84,45.86,0.2
"469","Texas",2016,0,43.24,39.72335,41.3833582837609,0.306460036525166,0.794305844185852,0.122735679881859,-15.7836191842955,35.22,40.27,45.32,0.24
"470","Texas",2020,NA,NA,47.0739425,43.235257981012,0.32131168095618,0.786529990242407,0.117123262454564,-8.99942759832342,41.62,46.68,51.75,46.48
"471","Utah",1980,0,20.57,NA,33.6481787375882,0.425363791050524,0.967099575918701,NA,-28.7865518146107,NA,NA,NA,NA
"472","Utah",1984,0,24.68,23.956927,20.568664839312,0.410263514408238,0.963405989612548,-0.0310453505352537,-52.2088812087024,20.75,25.8,30.84,0
"473","Utah",1988,0,32.05,30.7265856,24.6752194849251,0.388115452845331,0.960278730794638,0.102569016141168,-49.8265719694563,27.34,32.38,37.42,0
"474","Utah",1992,0,24.65,24.6038506,32.0464352836441,0.382987287583789,0.948650342253017,0.152749377994454,-34.172529551412,22.86,27.89,32.91,0
"475","Utah",1996,0,33.3,33.8012121333333,24.6545017594133,0.40505139647833,0.932392832411982,-0.189726940940652,-18.7101309412122,28.04,33.14,38.25,0
"476","Utah",2000,0,26.34,25.6890471333333,33.2967764325172,0.32187462523743,0.937892904528488,-0.130848471687322,-21.0745024630838,22.53,27.57,32.62,0
"477","Utah",2004,0,26,24.9106838666667,26.3447221811369,0.343396441616002,0.933175242965048,0.0671517957216809,-40.4854207697917,20.29,25.33,30.37,0
"478","Utah",2008,0,34.41,32.4856079333333,25.9956415087019,0.38634732134678,0.925354924786775,0.079953273216483,-45.540306344601,26.76,31.81,36.86,0
"479","Utah",2012,0,24.75,23.585314,34.4057456660752,0.357626597382154,0.918145354185833,-0.206036423707925,-28.1781240484266,19.8,24.86,29.92,0
"480","Utah",2016,0,27.46,26.8264166666667,24.7496658279604,0.356574232268804,0.911748964780852,-0.0484958059547527,-48.0408672747287,20.37,25.44,30.52,0
"481","Utah",2020,NA,NA,40.11402625,27.461268592269,0.371915217885852,0.905854661851465,0.0960645122525286,-18.0795479958314,31.57,36.74,41.91,0.18
"482","Vermont",1980,0,38.42,NA,42.3040532457505,0.37906683376482,0.993395431238342,NA,-12.2831725592979,NA,NA,NA,NA
"483","Vermont",1984,0,40.81,NA,38.4211834092049,0.416173681622714,0.990654276589362,0.204428155779315,-5.94283142443237,NA,NA,NA,NA
"484","Vermont",1988,0,47.58,39.4298698666667,40.8124112704158,0.445376316319129,0.988558706206129,NA,-17.1106876249675,NA,NA,NA,NA
"485","Vermont",1992,1,46.11,40.4435054666667,47.5798099684377,0.442605268088249,0.982278511953711,NA,-3.51624145186744,NA,NA,NA,NA
"486","Vermont",1996,1,53.35,52.1959722666667,46.1137517647506,0.505806188029353,0.972031376063035,0.691048333781781,15.6954929392719,49.63,54.76,59.9,99.98
"487","Vermont",2000,1,50.63,47.0338587333333,53.3544335632949,0.435318451543791,0.970479874281927,0.270755013131567,22.2643538957396,45.99,51.02,56.06,95.17
"488","Vermont",2004,1,58.94,51.4300544666667,50.6347092161953,0.48277445875942,0.965201961543425,0.0144183783489353,9.93754841866344,49.17,54.17,59.18,99.37
"489","Vermont",2008,1,67.46,60.8677747333333,58.9374625771271,0.503789198606272,0.958958649429385,-0.172597715251275,20.1361472131767,58.93,63.97,69.01,100
"490","Vermont",2012,1,66.57,60.7493277333333,67.4556831956092,0.520781028949725,0.953302240891885,0.213277954145896,37.0064544710595,60.25,65.31,70.36,100
"491","Vermont",2016,1,55.72,51.5885326666667,66.5705503023823,0.478030315130413,0.946480196646554,-0.00242222778847173,35.5979150656554,51.21,56.26,61.32,99.97
"492","Vermont",2020,NA,NA,63.3796625,55.7227421232139,0.513851363810556,0.942487768213863,0.0744183995072349,25.9633597219058,58.85,63.93,69,100
"493","Virginia",1980,0,40.31,31.9490595333333,47.9582156321335,0.330643971887662,0.795919739718132,NA,-1.33510577493056,NA,NA,NA,NA
"494","Virginia",1984,0,37.09,32.0169752666667,40.308740686119,0.347599832648267,0.790261749566078,-0.0678706248392831,-12.7240583226869,31.75,36.77,41.79,0.01
"495","Virginia",1988,0,39.23,37.3674047333333,37.0929384827882,0.380348193827354,0.785613264273698,0.106367779793553,-25.1942225855816,35.78,40.79,45.8,0.15
"496","Virginia",1992,0,40.59,35.2392374,39.2314048719457,0.363035017263805,0.772047549329959,0.0374395626766866,-20.50379424432,33.75,38.76,43.76,0.03
"497","Virginia",1996,0,45.15,44.1731178,40.5860744026581,0.398972016774376,0.756232665233175,-0.0621078336098896,-4.37129195128499,41.18,46.18,51.19,12.12
"498","Virginia",2000,0,44.44,41.0640923333333,45.1477711634574,0.357974155680945,0.743706810912806,0.137408455253127,-1.9568475595475,39.03,44.03,49.04,2.03
"499","Virginia",2004,0,45.53,44.2852461333333,44.4356105447559,0.385521749293572,0.733694732512215,-0.193532035495422,-8.03811864219311,41.38,46.38,51.39,14.13
"500","Virginia",2008,1,52.63,50.355278,45.5259176038167,0.427447386990298,0.720902391473743,0.0105400984946648,-8.20603896520483,46.81,51.82,56.84,96.16
"501","Virginia",2012,1,51.16,47.6591602,52.6294698731757,0.475299917176188,0.711426522404179,-0.098772774958092,6.29896918292035,45.43,50.43,55.44,85.34
"502","Virginia",2016,1,49.75,47.1637633333333,51.1564567962186,0.470916472410777,0.700768337521548,0.0475150612028184,3.87335389982952,44.26,49.26,54.27,67.51
"503","Virginia",2020,NA,NA,52.79491625,49.7513528334177,0.473567396177884,0.6938825864016,0.194366388966821,5.32370581949366,48.46,53.49,58.52,99.43
"504","Washington",1980,0,37.32,34.0709347333333,46.1142604404661,0.421489849375203,0.931745131632343,NA,-3.88348952835489,NA,NA,NA,NA
"505","Washington",1984,0,42.58,33.9963596,37.3160720250414,0.419381237246304,0.921543528874402,0.0177911137708814,-12.3422716102099,32.94,37.96,42.98,0.02
"506","Washington",1988,1,50.05,42.1867814,42.5808172125595,0.431643198346462,0.911304008238119,0.123765200505302,-13.5109418585425,41.29,46.3,51.31,16.22
"507","Washington",1992,1,43.41,43.824123,50.0476879007834,0.402003364732039,0.898092082227472,-0.105706701285969,1.59125866571451,43.6,48.61,53.62,59.69
"508","Washington",1996,1,49.84,47.8591692,43.4102200374634,0.443261521517095,0.883990905880386,-0.0757392519341592,11.4446146885444,44.79,49.83,54.87,89.72
"509","Washington",2000,1,50.16,45.2791552,49.8404720483336,0.404656544015507,0.860468179406454,0.0764649689740054,12.5391055342511,43.67,48.67,53.68,55.28
"510","Washington",2004,1,52.82,51.9361007333333,50.1582153167543,0.420848989055432,0.846282963335812,-0.0108762002761657,5.57956736925176,49.46,54.46,59.46,99.51
"511","Washington",2008,1,57.65,54.2022772,52.8211483118369,0.462736409034667,0.829838053552214,0.160785291880159,7.18086631942258,51.83,56.84,61.85,99.95
"512","Washington",2012,1,56.16,53.1918306666667,57.6528922136484,0.462781331531913,0.814831048252748,-0.136656243329711,17.1765872715335,51.29,56.3,61.32,99.92
"513","Washington",2016,1,52.54,49.6727066666667,56.1633982996728,0.453166553043341,0.798840155503168,0.067770650419801,14.8687768675636,47.42,52.43,57.44,97.72
"514","Washington",2020,NA,NA,58.9480325,52.5386800618266,0.454711875122605,0.785000655951436,0.0367700959434293,15.7059998751891,54.23,59.27,64.32,100
"515","West Virginia",1980,1,49.81,40.7157245333333,58.0695186453323,0.399794400886313,0.963655911884548,NA,16.1390372906647,NA,NA,NA,NA
"516","West Virginia",1984,0,44.6,44.6701654,49.8108348074798,0.378053848901452,0.963073015662221,-0.0438027860035227,4.50797394657828,45.11,50.13,55.15,87.7
"517","West Virginia",1988,1,52.2,42.4201361333333,44.5978345670085,0.38166910135208,0.9631775099401,0.202346885103865,-10.5142835396104,41.85,46.86,51.88,24.07
"518","West Virginia",1992,1,48.41,46.1029123333333,52.1981108537894,0.356958998761346,0.96229955863735,-0.11181939472812,4.73755990638455,45.99,51.01,56.03,93.93
"519","West Virginia",1996,1,51.51,51.7237756666667,48.4148216189809,0.378464181978919,0.960177374687844,-0.0140550391742995,13.021792454624,49.4,54.42,59.44,99.68
"520","West Virginia",2000,0,45.59,40.8515484,51.5055958042859,0.349164037024196,0.953135021673793,0.219243466316302,14.7481613112549,39.97,45.01,50.05,11.12
"521","West Virginia",2004,0,43.21,45.1796996666667,45.5926643666953,0.358669877107128,0.94920333091468,-0.181065218288714,-6.32255556035574,42.36,47.37,52.38,33.19
"522","West Virginia",2008,0,42.59,41.9485321333333,43.2051410970214,0.416084666803932,0.944496307687292,-0.121635271249965,-12.8655767724453,38.76,43.76,48.76,1.61
"523","West Virginia",2012,0,35.54,38.440635,42.5897503822967,0.38767979307834,0.940110573049731,-0.23632939789424,-13.120592724658,34.87,39.89,44.9,0.09
"524","West Virginia",2016,0,26.48,29.487322,35.5393041563873,0.36105773580516,0.936392934441566,-0.0624544237545286,-26.7565382630459,24.96,30,35.04,0
"525","West Virginia",2020,NA,NA,35.72720375,26.4769280177715,0.389427658745958,0.934701227075681,-0.022827832044534,-42.1536467938478,28.21,33.3,38.4,0
"526","Wisconsin",1980,0,43.18,33.8709553333333,49.5033635744117,0.458337841091913,0.950258327329217,NA,1.67726627250473,NA,NA,NA,NA
"527","Wisconsin",1984,0,45.02,38.1627669333333,43.180315508259,0.482427693283914,0.942390262969344,0.083077604485573,-4.7184589619751,38.14,43.18,48.21,2.44
"528","Wisconsin",1988,1,51.41,44.0804051333333,45.0217006098054,0.467037449127043,0.934335063249745,-0.0219533789005867,-9.17145222497376,43.51,48.54,53.56,68.94
"529","Wisconsin",1992,1,41.13,39.6227176,51.4140302462849,0.454465015383448,0.923344180898707,0.0371711625592413,3.61811966373548,40.32,45.35,50.38,11.79
"530","Wisconsin",1996,1,48.81,50.5072604666667,41.1315557409848,0.50365443692221,0.911962861850873,-0.213895678917336,4.35433477778516,46.87,51.93,56.98,98.88
"531","Wisconsin",2000,1,47.83,43.5479856666667,48.8109521626068,0.419918714887573,0.905857537375798,0.255959161869807,10.3335399051712,42.02,47.04,52.05,31.93
"532","Wisconsin",2004,1,49.7,46.6594084,47.8328196606874,0.483551820534392,0.89807338594341,-0.0535169637747242,0.219656146543123,44.44,49.44,54.45,70.89
"533","Wisconsin",2008,1,56.22,52.2080620666667,49.6997170844112,0.54352427790511,0.889456932782792,-0.00848524675753073,0.379845625986192,49.56,54.59,59.63,99.78
"534","Wisconsin",2012,1,52.78,49.4626539333333,56.2177865179423,0.528881247212372,0.881645675843887,-0.186942133090105,13.9041240295943,47.81,52.85,57.88,99.2
"535","Wisconsin",2016,0,46.45,46.4861213333333,52.7761625351546,0.536967741033154,0.874108638214692,0.067338155042967,6.83781582153483,44.13,49.16,54.2,79.3
"536","Wisconsin",2020,NA,NA,50.83646,46.4538413722427,0.515562409356709,0.870388741203421,0.136055223444236,-0.764343195067454,46.1,51.14,56.18,96.51
"537","Wyoming",1980,0,27.97,NA,39.8092655251594,0.39535865832503,0.973158155572192,NA,-19.494316982532,NA,NA,NA,NA
"538","Wyoming",1984,0,28.24,NA,27.970211586018,0.372666786169955,0.970310658651799,-0.301258683969432,-34.6737365106133,NA,NA,NA,NA
"539","Wyoming",1988,0,38.01,27.3076098,28.2428771008848,0.374271878311332,0.965996779208046,0.0561088265460243,-42.2669446678803,24.94,29.96,34.98,0
"540","Wyoming",1992,0,34.1,28.7847079333333,38.013378570498,0.379595487451167,0.956737894395937,0.470987718826605,-22.5170064174091,27.89,32.94,37.99,0
"541","Wyoming",1996,0,36.84,37.9909935333333,34.0997778711653,0.4287047105529,0.945842303965651,-0.0803952685053751,-5.59674611274539,34.01,39.06,44.11,0.08
"542","Wyoming",2000,0,28.3,29.0650008666667,36.8358612475245,0.433398816388654,0.950131499089622,-0.0631990135789197,-12.9762585609559,26.55,31.58,36.61,0
"543","Wyoming",2004,0,29.02,NA,28.2983820405566,0.432381145053611,0.945082163635864,-0.0639579680504055,-40.9243610978543,NA,NA,NA,NA
"544","Wyoming",2008,0,32.51,34.2839246666667,29.0230910231648,0.478998479687924,0.940193354735799,0.299358885270661,-39.7164778295832,29.3,34.35,39.41,0
"545","Wyoming",2012,0,27.64,NA,32.5094937702037,0.466820378614871,0.932112336349676,-0.490257219245443,-32.2042808272918,NA,NA,NA,NA
"546","Wyoming",2016,0,21.63,22.4507633333333,27.6369061152528,0.43501444547592,0.928896039985279,-0.0791089355521976,-40.5566790718824,17.16,22.24,27.31,0
"547","Wyoming",2020,NA,NA,29.01521125,21.628900876393,0.442967058360364,0.925032699275519,0.347664298589783,-45.7695101782154,21.3,26.43,31.56,0
